Date,LOSA_dmd,,I used data from 2001-2010 to fill 2011-2020!
30-Dec-99,257.17,,
31-Dec-99,507.59,,
1-Jan-00,1051.9,,
2-Jan-00,2014.25,,
3-Jan-00,1971.61,,
4-Jan-00,1536.64,,
5-Jan-00,1417.97,,
6-Jan-00,1573.3,,
7-Jan-00,1761.88,,
8-Jan-00,2001.33,,
9-Jan-00,2581.76,,
10-Jan-00,3058.45,,
11-Jan-00,2810.18,,
12-Jan-00,2798.15,,
13-Jan-00,2861.33,,
14-Jan-00,3189.64,,
15-Jan-00,3119.25,,
16-Jan-00,2621.3,,
17-Jan-00,2963.26,,
18-Jan-00,2789.64,,
19-Jan-00,2048.33,,
20-Jan-00,2831.35,,
21-Jan-00,3054.81,,
22-Jan-00,2046.64,,
23-Jan-00,2171.96,,
24-Jan-00,205.78,,
25-Jan-00,120.53,,
26-Jan-00,114.38,,
27-Jan-00,120.08,,
28-Jan-00,175.19,,
29-Jan-00,219.45,,
30-Jan-00,120.45,,
31-Jan-00,141.31,,
1-Feb-00,175.23,,
2-Feb-00,188.54,,
3-Feb-00,259.83,,
4-Feb-00,361.41,,
5-Feb-00,552.8,,
6-Feb-00,797.31,,
7-Feb-00,1096.02,,
8-Feb-00,875.78,,
9-Feb-00,1004.9,,
10-Feb-00,1225.93,,
11-Feb-00,985.21,,
12-Feb-00,825.47,,
13-Feb-00,905.92,,
14-Feb-00,1542,,
15-Feb-00,1876.99,,
16-Feb-00,2229.53,,
17-Feb-00,1644.9,,
18-Feb-00,1926.36,,
19-Feb-00,3221.97,,
20-Feb-00,2947.52,,
21-Feb-00,3482.57,,
22-Feb-00,2290.97,,
23-Feb-00,2871.81,,
24-Feb-00,2835.84,,
25-Feb-00,3409.35,,
26-Feb-00,3939.69,,
27-Feb-00,3386.47,,
28-Feb-00,3466.71,,
29-Feb-00,4589.86,,
1-Mar-00,5340.46,,
2-Mar-00,4600.32,,
3-Mar-00,4792.5,,
4-Mar-00,5274.93,,
5-Mar-00,5251.86,,
6-Mar-00,4557.79,,
7-Mar-00,4643.8,,
8-Mar-00,5022.17,,
9-Mar-00,5820.9,,
10-Mar-00,5285.84,,
11-Mar-00,1581.82,,
12-Mar-00,776.59,,
13-Mar-00,2127.31,,
14-Mar-00,3120.76,,
15-Mar-00,2966.78,,
16-Mar-00,3286.76,,
17-Mar-00,2431.41,,
18-Mar-00,660.52,,
19-Mar-00,168.91,,
20-Mar-00,517.07,,
21-Mar-00,819.06,,
22-Mar-00,1120.22,,
23-Mar-00,875.6,,
24-Mar-00,1744.87,,
25-Mar-00,1858.54,,
26-Mar-00,1841.94,,
27-Mar-00,628.39,,
28-Mar-00,259.11,,
29-Mar-00,326.17,,
30-Mar-00,733.54,,
31-Mar-00,2637.65,,
1-Apr-00,3742.74,,
2-Apr-00,5001.43,,
3-Apr-00,4709.94,,
4-Apr-00,5288.94,,
5-Apr-00,5287.84,,
6-Apr-00,5307.98,,
7-Apr-00,4001.66,,
8-Apr-00,2483.35,,
9-Apr-00,5139.8,,
10-Apr-00,5934.99,,
11-Apr-00,5801.37,,
12-Apr-00,711.86,,
13-Apr-00,117.73,,
14-Apr-00,0,,
15-Apr-00,0,,
16-Apr-00,0,,
17-Apr-00,0,,
18-Apr-00,0,,
19-Apr-00,0.93,,
20-Apr-00,1.17,,
21-Apr-00,7.53,,
22-Apr-00,7.82,,
23-Apr-00,358.81,,
24-Apr-00,996.79,,
25-Apr-00,366.27,,
26-Apr-00,1250.25,,
27-Apr-00,3744.96,,
28-Apr-00,6242.67,,
29-Apr-00,6169.36,,
30-Apr-00,5426.18,,
1-May-00,7653.71,,
2-May-00,8655.66,,
3-May-00,7797.1,,
4-May-00,7562.13,,
5-May-00,8321.13,,
6-May-00,8153.89,,
7-May-00,8314.4,,
8-May-00,1862.55,,
9-May-00,1633.48,,
10-May-00,2304.45,,
11-May-00,4103.95,,
12-May-00,6263.31,,
13-May-00,6608.06,,
14-May-00,6872.74,,
15-May-00,1327.44,,
16-May-00,1898.39,,
17-May-00,4768.86,,
18-May-00,8785.09,,
19-May-00,9951.83,,
20-May-00,10520.44,,
21-May-00,10333.87,,
22-May-00,8438.66,,
23-May-00,5019.71,,
24-May-00,6684.05,,
25-May-00,6476.34,,
26-May-00,7363.48,,
27-May-00,7482.46,,
28-May-00,8561.12,,
29-May-00,10655.07,,
30-May-00,5933.6,,
31-May-00,6540.48,,
1-Jun-00,11112.82,,
2-Jun-00,10064.62,,
3-Jun-00,9874.16,,
4-Jun-00,10324.28,,
5-Jun-00,7177.22,,
6-Jun-00,6817.28,,
7-Jun-00,7344.44,,
8-Jun-00,4538.5,,
9-Jun-00,6020.54,,
10-Jun-00,9440.39,,
11-Jun-00,548.87,,
12-Jun-00,3152.14,,
13-Jun-00,3315.04,,
14-Jun-00,3619.5,,
15-Jun-00,5426.29,,
16-Jun-00,6845.29,,
17-Jun-00,8654.11,,
18-Jun-00,8627.38,,
19-Jun-00,7929.67,,
20-Jun-00,8529.59,,
21-Jun-00,6404.08,,
22-Jun-00,7137.22,,
23-Jun-00,7679.22,,
24-Jun-00,267.42,,
25-Jun-00,0,,
26-Jun-00,107.36,,
27-Jun-00,35.76,,
28-Jun-00,455.29,,
29-Jun-00,60.35,,
30-Jun-00,0,,
1-Jul-00,0,,
2-Jul-00,0,,
3-Jul-00,0,,
4-Jul-00,0.14,,
5-Jul-00,0,,
6-Jul-00,0,,
7-Jul-00,0,,
8-Jul-00,0,,
9-Jul-00,0.31,,
10-Jul-00,54.03,,
11-Jul-00,132.6,,
12-Jul-00,84.38,,
13-Jul-00,101.13,,
14-Jul-00,97.47,,
15-Jul-00,118.3,,
16-Jul-00,229.3,,
17-Jul-00,425.54,,
18-Jul-00,131.62,,
19-Jul-00,86.13,,
20-Jul-00,148.59,,
21-Jul-00,163.35,,
22-Jul-00,272.67,,
23-Jul-00,458.59,,
24-Jul-00,19.41,,
25-Jul-00,11.76,,
26-Jul-00,21.27,,
27-Jul-00,25.99,,
28-Jul-00,38.5,,
29-Jul-00,29.11,,
30-Jul-00,21.76,,
31-Jul-00,0,,
1-Aug-00,1.08,,
2-Aug-00,12.91,,
3-Aug-00,34.22,,
4-Aug-00,83.18,,
5-Aug-00,152.93,,
6-Aug-00,156.11,,
7-Aug-00,220.49,,
8-Aug-00,326.15,,
9-Aug-00,512,,
10-Aug-00,1021.89,,
11-Aug-00,2505.84,,
12-Aug-00,3416.71,,
13-Aug-00,3493.09,,
14-Aug-00,700.79,,
15-Aug-00,1447.71,,
16-Aug-00,5297.18,,
17-Aug-00,5656.45,,
18-Aug-00,6392.21,,
19-Aug-00,6995.53,,
20-Aug-00,5187.23,,
21-Aug-00,5478.68,,
22-Aug-00,2534.34,,
23-Aug-00,3315.55,,
24-Aug-00,5634.26,,
25-Aug-00,4938.91,,
26-Aug-00,672.59,,
27-Aug-00,278.79,,
28-Aug-00,1168.65,,
29-Aug-00,3126.42,,
30-Aug-00,249.79,,
31-Aug-00,1042.49,,
1-Sep-00,1839.63,,
2-Sep-00,2352.33,,
3-Sep-00,1704.31,,
4-Sep-00,600.11,,
5-Sep-00,7.47,,
6-Sep-00,0,,
7-Sep-00,0,,
8-Sep-00,0,,
9-Sep-00,0,,
10-Sep-00,0,,
11-Sep-00,0,,
12-Sep-00,0.26,,
13-Sep-00,212.8,,
14-Sep-00,434.7,,
15-Sep-00,129.4,,
16-Sep-00,163.29,,
17-Sep-00,0,,
18-Sep-00,0,,
19-Sep-00,0,,
20-Sep-00,0.24,,
21-Sep-00,0,,
22-Sep-00,0.24,,
23-Sep-00,0.24,,
24-Sep-00,0.24,,
25-Sep-00,7.04,,
26-Sep-00,46.8,,
27-Sep-00,19.08,,
28-Sep-00,0,,
29-Sep-00,0,,
30-Sep-00,0,,
1-Oct-00,15.79,,
2-Oct-00,0.22,,
3-Oct-00,0,,
4-Oct-00,0,,
5-Oct-00,0,,
6-Oct-00,0,,
7-Oct-00,0,,
8-Oct-00,0,,
9-Oct-00,0,,
10-Oct-00,1.33,,
11-Oct-00,2.1,,
12-Oct-00,8.02,,
13-Oct-00,16.04,,
14-Oct-00,49.25,,
15-Oct-00,131.16,,
16-Oct-00,317.05,,
17-Oct-00,470.02,,
18-Oct-00,1713.57,,
19-Oct-00,2484.85,,
20-Oct-00,2111.31,,
21-Oct-00,1845.56,,
22-Oct-00,3089.15,,
23-Oct-00,2109.32,,
24-Oct-00,1843.64,,
25-Oct-00,2534.15,,
26-Oct-00,2200.42,,
27-Oct-00,3172.35,,
28-Oct-00,3524.95,,
29-Oct-00,3100.47,,
30-Oct-00,3356.61,,
31-Oct-00,3598.69,,
1-Nov-00,4634.44,,
2-Nov-00,4721.9,,
3-Nov-00,4452.76,,
4-Nov-00,4329.77,,
5-Nov-00,4048.67,,
6-Nov-00,4637.46,,
7-Nov-00,4769.19,,
8-Nov-00,4837.75,,
9-Nov-00,4428.28,,
10-Nov-00,3531.56,,
11-Nov-00,3868.26,,
12-Nov-00,3553.56,,
13-Nov-00,3703.07,,
14-Nov-00,3701.33,,
15-Nov-00,3727.94,,
16-Nov-00,3963.06,,
17-Nov-00,4581.94,,
18-Nov-00,4188.89,,
19-Nov-00,3798.44,,
20-Nov-00,1367.87,,
21-Nov-00,2551.89,,
22-Nov-00,3309.63,,
23-Nov-00,3678.04,,
24-Nov-00,3525.75,,
25-Nov-00,2233.5,,
26-Nov-00,681.25,,
27-Nov-00,3162.88,,
28-Nov-00,3789.53,,
29-Nov-00,3398.64,,
30-Nov-00,3904.33,,
1-Dec-00,3375.24,,
2-Dec-00,3497.59,,
3-Dec-00,2944.68,,
4-Dec-00,2648.69,,
5-Dec-00,2893.89,,
6-Dec-00,2289.58,,
7-Dec-00,1699.3,,
8-Dec-00,2512.94,,
9-Dec-00,2102.59,,
10-Dec-00,838.79,,
11-Dec-00,914.21,,
12-Dec-00,1506.94,,
13-Dec-00,1957.1,,
14-Dec-00,2567.91,,
15-Dec-00,3202.66,,
16-Dec-00,3478.64,,
17-Dec-00,3094.13,,
18-Dec-00,2396.45,,
19-Dec-00,2394.48,,
20-Dec-00,2115.24,,
21-Dec-00,2212.72,,
22-Dec-00,2842.22,,
23-Dec-00,2249.04,,
24-Dec-00,2429.25,,
25-Dec-00,2959.72,,
26-Dec-00,3241.78,,
27-Dec-00,1992.4,,
28-Dec-00,227.13,,
29-Dec-00,838.14,,
30-Dec-00,1381.31,,
31-Dec-00,1404.86,,
1-Jan-01,1853.66,,
2-Jan-01,2074.51,,
3-Jan-01,2641.12,,
4-Jan-01,2446.65,,
5-Jan-01,2677.21,,
6-Jan-01,2725.38,,
7-Jan-01,2322.58,,
8-Jan-01,1962.11,,
9-Jan-01,347.69,,
10-Jan-01,2539.03,,
11-Jan-01,3107.81,,
12-Jan-01,3671.59,,
13-Jan-01,3371.12,,
14-Jan-01,3042.73,,
15-Jan-01,2568.81,,
16-Jan-01,1786.92,,
17-Jan-01,2615.92,,
18-Jan-01,3124.27,,
19-Jan-01,3068.21,,
20-Jan-01,139.15,,
21-Jan-01,1366.49,,
22-Jan-01,206.08,,
23-Jan-01,991.88,,
24-Jan-01,2120.98,,
25-Jan-01,1786.12,,
26-Jan-01,1863.05,,
27-Jan-01,1708.65,,
28-Jan-01,2096.65,,
29-Jan-01,2456.57,,
30-Jan-01,2987.78,,
31-Jan-01,3002.28,,
1-Feb-01,4379.68,,
2-Feb-01,4415.57,,
3-Feb-01,3783.26,,
4-Feb-01,2795.93,,
5-Feb-01,3985.39,,
6-Feb-01,4172.87,,
7-Feb-01,4432.3,,
8-Feb-01,4306.18,,
9-Feb-01,4730.02,,
10-Feb-01,3783.91,,
11-Feb-01,2822.34,,
12-Feb-01,2832.86,,
13-Feb-01,3902.56,,
14-Feb-01,4206,,
15-Feb-01,4711.96,,
16-Feb-01,4376.75,,
17-Feb-01,5110.62,,
18-Feb-01,4214.55,,
19-Feb-01,4799.5,,
20-Feb-01,4024.81,,
21-Feb-01,4585.5,,
22-Feb-01,3939.56,,
23-Feb-01,4458.2,,
24-Feb-01,4194.57,,
25-Feb-01,4430.02,,
26-Feb-01,2969.43,,
27-Feb-01,3063.06,,
28-Feb-01,4796.31,,
1-Mar-01,6285.99,,
2-Mar-01,6860.47,,
3-Mar-01,5818.18,,
4-Mar-01,581.09,,
5-Mar-01,2488.68,,
6-Mar-01,4353.38,,
7-Mar-01,4673.96,,
8-Mar-01,4252.23,,
9-Mar-01,4697.18,,
10-Mar-01,3928.23,,
11-Mar-01,5836.54,,
12-Mar-01,6946.77,,
13-Mar-01,7991.08,,
14-Mar-01,5585.27,,
15-Mar-01,7140.71,,
16-Mar-01,5806.95,,
17-Mar-01,1651.81,,
18-Mar-01,491.14,,
19-Mar-01,288.92,,
20-Mar-01,88.42,,
21-Mar-01,2451.95,,
22-Mar-01,2811.38,,
23-Mar-01,2670.15,,
24-Mar-01,2410.38,,
25-Mar-01,2651.81,,
26-Mar-01,2336.7,,
27-Mar-01,2561.98,,
28-Mar-01,3403.35,,
29-Mar-01,325.37,,
30-Mar-01,15.37,,
31-Mar-01,513.83,,
1-Apr-01,449.62,,
2-Apr-01,1087.98,,
3-Apr-01,885.44,,
4-Apr-01,717.84,,
5-Apr-01,523.08,,
6-Apr-01,674.27,,
7-Apr-01,1237.8,,
8-Apr-01,2789.88,,
9-Apr-01,4991.1,,
10-Apr-01,5151.81,,
11-Apr-01,5990.85,,
12-Apr-01,5997.05,,
13-Apr-01,6163.75,,
14-Apr-01,5722.43,,
15-Apr-01,6243.81,,
16-Apr-01,7546.13,,
17-Apr-01,7840.84,,
18-Apr-01,6826.05,,
19-Apr-01,5726.78,,
20-Apr-01,7782.1,,
21-Apr-01,8004.71,,
22-Apr-01,7398.27,,
23-Apr-01,7699.36,,
24-Apr-01,6823.48,,
25-Apr-01,3886.1,,
26-Apr-01,3920.64,,
27-Apr-01,5962.88,,
28-Apr-01,7641.31,,
29-Apr-01,4959.67,,
30-Apr-01,2048.29,,
1-May-01,2978.19,,
2-May-01,4011.33,,
3-May-01,436.9,,
4-May-01,273.48,,
5-May-01,5855.68,,
6-May-01,7935.41,,
7-May-01,7637.33,,
8-May-01,7407.73,,
9-May-01,9211.33,,
10-May-01,9698.11,,
11-May-01,8080.37,,
12-May-01,9948.77,,
13-May-01,10034.89,,
14-May-01,9153.3,,
15-May-01,8453.28,,
16-May-01,10323.33,,
17-May-01,10658.58,,
18-May-01,10375.27,,
19-May-01,9945.3,,
20-May-01,8735.65,,
21-May-01,7494.74,,
22-May-01,1461.06,,
23-May-01,185.98,,
24-May-01,2831.14,,
25-May-01,1464.69,,
26-May-01,308.08,,
27-May-01,740.65,,
28-May-01,1873.59,,
29-May-01,2794.41,,
30-May-01,4627.1,,
31-May-01,1148.52,,
1-Jun-01,1862.28,,
2-Jun-01,2911.01,,
3-Jun-01,6148.77,,
4-Jun-01,4931.76,,
5-Jun-01,939.94,,
6-Jun-01,2881.92,,
7-Jun-01,754.96,,
8-Jun-01,206.03,,
9-Jun-01,163.58,,
10-Jun-01,2819.54,,
11-Jun-01,3017.59,,
12-Jun-01,3893.38,,
13-Jun-01,3741.41,,
14-Jun-01,3252,,
15-Jun-01,3229.84,,
16-Jun-01,4617.03,,
17-Jun-01,6161.24,,
18-Jun-01,3576.03,,
19-Jun-01,5446.01,,
20-Jun-01,4753.08,,
21-Jun-01,610.19,,
22-Jun-01,731.88,,
23-Jun-01,550.76,,
24-Jun-01,219.09,,
25-Jun-01,3930.52,,
26-Jun-01,5688.76,,
27-Jun-01,1406.82,,
28-Jun-01,15.08,,
29-Jun-01,3025.75,,
30-Jun-01,5506.57,,
1-Jul-01,3641.96,,
2-Jul-01,4265.9,,
3-Jul-01,4894.67,,
4-Jul-01,270.43,,
5-Jul-01,2184.51,,
6-Jul-01,2621.9,,
7-Jul-01,1129.03,,
8-Jul-01,2792.81,,
9-Jul-01,103.16,,
10-Jul-01,18.34,,
11-Jul-01,82.04,,
12-Jul-01,310.54,,
13-Jul-01,114.78,,
14-Jul-01,0,,
15-Jul-01,0,,
16-Jul-01,4.76,,
17-Jul-01,0,,
18-Jul-01,0,,
19-Jul-01,2.89,,
20-Jul-01,0.34,,
21-Jul-01,0,,
22-Jul-01,12.31,,
23-Jul-01,0,,
24-Jul-01,0,,
25-Jul-01,0.24,,
26-Jul-01,0.23,,
27-Jul-01,0.25,,
28-Jul-01,167.77,,
29-Jul-01,18.41,,
30-Jul-01,128.74,,
31-Jul-01,184.66,,
1-Aug-01,19.73,,
2-Aug-01,2.67,,
3-Aug-01,0,,
4-Aug-01,0,,
5-Aug-01,0,,
6-Aug-01,0,,
7-Aug-01,0.18,,
8-Aug-01,0.19,,
9-Aug-01,0.12,,
10-Aug-01,0.28,,
11-Aug-01,5.08,,
12-Aug-01,15.46,,
13-Aug-01,113.4,,
14-Aug-01,156.56,,
15-Aug-01,905.9,,
16-Aug-01,2387.91,,
17-Aug-01,3278.14,,
18-Aug-01,4301.57,,
19-Aug-01,4756.78,,
20-Aug-01,4840.18,,
21-Aug-01,155.44,,
22-Aug-01,11.76,,
23-Aug-01,2720.14,,
24-Aug-01,1952.56,,
25-Aug-01,2447.36,,
26-Aug-01,2831.72,,
27-Aug-01,4876.83,,
28-Aug-01,5812.72,,
29-Aug-01,680.24,,
30-Aug-01,4280.03,,
31-Aug-01,5095.4,,
1-Sep-01,2727.43,,
2-Sep-01,3206.5,,
3-Sep-01,344.26,,
4-Sep-01,20.27,,
5-Sep-01,24.33,,
6-Sep-01,536.82,,
7-Sep-01,6.56,,
8-Sep-01,0,,
9-Sep-01,0,,
10-Sep-01,0,,
11-Sep-01,0,,
12-Sep-01,0,,
13-Sep-01,0,,
14-Sep-01,0,,
15-Sep-01,0,,
16-Sep-01,0.23,,
17-Sep-01,0.23,,
18-Sep-01,0.2,,
19-Sep-01,0.2,,
20-Sep-01,0.18,,
21-Sep-01,0.19,,
22-Sep-01,260.65,,
23-Sep-01,400,,
24-Sep-01,392.43,,
25-Sep-01,431.06,,
26-Sep-01,0,,
27-Sep-01,0,,
28-Sep-01,0,,
29-Sep-01,0,,
30-Sep-01,0,,
1-Oct-01,0,,
2-Oct-01,0,,
3-Oct-01,0,,
4-Oct-01,0,,
5-Oct-01,2.51,,
6-Oct-01,10.58,,
7-Oct-01,9.53,,
8-Oct-01,9.25,,
9-Oct-01,59.91,,
10-Oct-01,151.14,,
11-Oct-01,740.26,,
12-Oct-01,1315,,
13-Oct-01,1844.52,,
14-Oct-01,1693.05,,
15-Oct-01,336.5,,
16-Oct-01,260.67,,
17-Oct-01,471.29,,
18-Oct-01,814.1,,
19-Oct-01,866.68,,
20-Oct-01,642.88,,
21-Oct-01,99.02,,
22-Oct-01,0,,
23-Oct-01,0,,
24-Oct-01,0,,
25-Oct-01,0,,
26-Oct-01,0,,
27-Oct-01,0,,
28-Oct-01,0,,
29-Oct-01,0,,
30-Oct-01,0,,
31-Oct-01,0,,
1-Nov-01,0,,
2-Nov-01,0,,
3-Nov-01,0,,
4-Nov-01,0,,
5-Nov-01,0,,
6-Nov-01,0,,
7-Nov-01,0,,
8-Nov-01,0,,
9-Nov-01,0,,
10-Nov-01,1.63,,
11-Nov-01,10.02,,
12-Nov-01,31.18,,
13-Nov-01,30.82,,
14-Nov-01,120.4,,
15-Nov-01,415.3,,
16-Nov-01,1232.59,,
17-Nov-01,1866.6,,
18-Nov-01,1277.85,,
19-Nov-01,1043.16,,
20-Nov-01,1586.59,,
21-Nov-01,1873.71,,
22-Nov-01,1888.68,,
23-Nov-01,2196.95,,
24-Nov-01,2151.98,,
25-Nov-01,2366.91,,
26-Nov-01,1736.89,,
27-Nov-01,2459.3,,
28-Nov-01,3030.97,,
29-Nov-01,3367.84,,
30-Nov-01,3703.12,,
1-Dec-01,3131.45,,
2-Dec-01,1753.34,,
3-Dec-01,2138.84,,
4-Dec-01,1549.09,,
5-Dec-01,2528.92,,
6-Dec-01,1367.81,,
7-Dec-01,743.48,,
8-Dec-01,123.33,,
9-Dec-01,198.49,,
10-Dec-01,697.98,,
11-Dec-01,959.75,,
12-Dec-01,1161.42,,
13-Dec-01,829.17,,
14-Dec-01,974.42,,
15-Dec-01,1022.03,,
16-Dec-01,1087.45,,
17-Dec-01,937.12,,
18-Dec-01,1226.31,,
19-Dec-01,1284.33,,
20-Dec-01,1618.04,,
21-Dec-01,2047.76,,
22-Dec-01,2278.91,,
23-Dec-01,2136.03,,
24-Dec-01,1414.36,,
25-Dec-01,316.11,,
26-Dec-01,97.7,,
27-Dec-01,126.96,,
28-Dec-01,174.68,,
29-Dec-01,264.47,,
30-Dec-01,315.71,,
31-Dec-01,263.49,,
1-Jan-02,77.07,,
2-Jan-02,41.51,,
3-Jan-02,88.97,,
4-Jan-02,222.86,,
5-Jan-02,274.37,,
6-Jan-02,313.02,,
7-Jan-02,323.69,,
8-Jan-02,445.14,,
9-Jan-02,630.74,,
10-Jan-02,728.8,,
11-Jan-02,986.46,,
12-Jan-02,1507.64,,
13-Jan-02,1323.59,,
14-Jan-02,934.31,,
15-Jan-02,5.84,,
16-Jan-02,4.48,,
17-Jan-02,1.49,,
18-Jan-02,1.32,,
19-Jan-02,150.53,,
20-Jan-02,164.59,,
21-Jan-02,179.1,,
22-Jan-02,285.79,,
23-Jan-02,529.29,,
24-Jan-02,777.77,,
25-Jan-02,983.78,,
26-Jan-02,1701.49,,
27-Jan-02,2632.67,,
28-Jan-02,2971.24,,
29-Jan-02,2862.23,,
30-Jan-02,2346.72,,
31-Jan-02,2599,,
1-Feb-02,2053.82,,
2-Feb-02,1938.92,,
3-Feb-02,2035.79,,
4-Feb-02,3083.08,,
5-Feb-02,2500.37,,
6-Feb-02,3213.45,,
7-Feb-02,4351.78,,
8-Feb-02,3365.99,,
9-Feb-02,1144.83,,
10-Feb-02,38.96,,
11-Feb-02,31.68,,
12-Feb-02,35.97,,
13-Feb-02,35.97,,
14-Feb-02,36.47,,
15-Feb-02,32.18,,
16-Feb-02,68.67,,
17-Feb-02,73.99,,
18-Feb-02,127.38,,
19-Feb-02,142.27,,
20-Feb-02,295.43,,
21-Feb-02,247.01,,
22-Feb-02,195.63,,
23-Feb-02,41.51,,
24-Feb-02,59.4,,
25-Feb-02,187.85,,
26-Feb-02,333.66,,
27-Feb-02,813.11,,
28-Feb-02,1086.66,,
1-Mar-02,1631.57,,
2-Mar-02,1586.41,,
3-Mar-02,1334.06,,
4-Mar-02,821.7,,
5-Mar-02,496.03,,
6-Mar-02,413.89,,
7-Mar-02,499.3,,
8-Mar-02,467.56,,
9-Mar-02,458.63,,
10-Mar-02,399.5,,
11-Mar-02,448.83,,
12-Mar-02,597.92,,
13-Mar-02,834.94,,
14-Mar-02,1906.76,,
15-Mar-02,2838.12,,
16-Mar-02,3989.16,,
17-Mar-02,4557.65,,
18-Mar-02,4889.09,,
19-Mar-02,5760.99,,
20-Mar-02,5231.31,,
21-Mar-02,4931.84,,
22-Mar-02,4699.8,,
23-Mar-02,5847.64,,
24-Mar-02,6481.85,,
25-Mar-02,3954.53,,
26-Mar-02,1393.29,,
27-Mar-02,1863.72,,
28-Mar-02,2997.12,,
29-Mar-02,2867.61,,
30-Mar-02,3866.57,,
31-Mar-02,4503.6,,
1-Apr-02,4294.85,,
2-Apr-02,2432.59,,
3-Apr-02,1401.37,,
4-Apr-02,1820.62,,
5-Apr-02,3227.62,,
6-Apr-02,3482.32,,
7-Apr-02,4391.06,,
8-Apr-02,5206.79,,
9-Apr-02,5241.12,,
10-Apr-02,5314.68,,
11-Apr-02,4034.46,,
12-Apr-02,2705.7,,
13-Apr-02,2347.97,,
14-Apr-02,676.5,,
15-Apr-02,54.34,,
16-Apr-02,66.02,,
17-Apr-02,135.53,,
18-Apr-02,617.82,,
19-Apr-02,1176.57,,
20-Apr-02,1959.08,,
21-Apr-02,3107.31,,
22-Apr-02,5371.92,,
23-Apr-02,5963.43,,
24-Apr-02,5865.62,,
25-Apr-02,5718.82,,
26-Apr-02,6784.86,,
27-Apr-02,7280.81,,
28-Apr-02,7840.89,,
29-Apr-02,7304.71,,
30-Apr-02,7362.91,,
1-May-02,10191.72,,
2-May-02,10684.23,,
3-May-02,11257.39,,
4-May-02,11595.63,,
5-May-02,10906.28,,
6-May-02,9840.9,,
7-May-02,9066.94,,
8-May-02,9759.79,,
9-May-02,8837.13,,
10-May-02,8410.46,,
11-May-02,8188.07,,
12-May-02,8404.59,,
13-May-02,8293.22,,
14-May-02,1967.17,,
15-May-02,5570.08,,
16-May-02,1738.24,,
17-May-02,4060.23,,
18-May-02,4636.83,,
19-May-02,427.68,,
20-May-02,936.41,,
21-May-02,240.63,,
22-May-02,97.55,,
23-May-02,176.91,,
24-May-02,1005.21,,
25-May-02,2787.62,,
26-May-02,4460.04,,
27-May-02,5430.9,,
28-May-02,7087.05,,
29-May-02,7267.69,,
30-May-02,2067.37,,
31-May-02,1030.39,,
1-Jun-02,8679.81,,
2-Jun-02,8460.15,,
3-Jun-02,8217.88,,
4-Jun-02,11122.21,,
5-Jun-02,9210.21,,
6-Jun-02,7402.65,,
7-Jun-02,1390.87,,
8-Jun-02,759.74,,
9-Jun-02,6100.81,,
10-Jun-02,6019.17,,
11-Jun-02,3087.06,,
12-Jun-02,42.7,,
13-Jun-02,720.54,,
14-Jun-02,16.13,,
15-Jun-02,0,,
16-Jun-02,0,,
17-Jun-02,273.96,,
18-Jun-02,485.17,,
19-Jun-02,0,,
20-Jun-02,0,,
21-Jun-02,0,,
22-Jun-02,0,,
23-Jun-02,0,,
24-Jun-02,0,,
25-Jun-02,0,,
26-Jun-02,0,,
27-Jun-02,0.12,,
28-Jun-02,0,,
29-Jun-02,0,,
30-Jun-02,0,,
1-Jul-02,0,,
2-Jul-02,0.2,,
3-Jul-02,0,,
4-Jul-02,0.2,,
5-Jul-02,0,,
6-Jul-02,0,,
7-Jul-02,0,,
8-Jul-02,0,,
9-Jul-02,0,,
10-Jul-02,0,,
11-Jul-02,0,,
12-Jul-02,0,,
13-Jul-02,0.2,,
14-Jul-02,0.21,,
15-Jul-02,0.2,,
16-Jul-02,0.21,,
17-Jul-02,0.21,,
18-Jul-02,0.21,,
19-Jul-02,55.57,,
20-Jul-02,862.64,,
21-Jul-02,0,,
22-Jul-02,0.33,,
23-Jul-02,0.15,,
24-Jul-02,54.04,,
25-Jul-02,536.01,,
26-Jul-02,1250.4,,
27-Jul-02,1747.62,,
28-Jul-02,925.81,,
29-Jul-02,1747.22,,
30-Jul-02,2042.72,,
31-Jul-02,4004.75,,
1-Aug-02,2371.96,,
2-Aug-02,1256.08,,
3-Aug-02,456.85,,
4-Aug-02,32.6,,
5-Aug-02,71.71,,
6-Aug-02,678.09,,
7-Aug-02,898.31,,
8-Aug-02,2112.18,,
9-Aug-02,1439.34,,
10-Aug-02,3511.64,,
11-Aug-02,72.38,,
12-Aug-02,27.86,,
13-Aug-02,41.03,,
14-Aug-02,65.06,,
15-Aug-02,61.07,,
16-Aug-02,47.33,,
17-Aug-02,56.45,,
18-Aug-02,37.61,,
19-Aug-02,172.73,,
20-Aug-02,174.74,,
21-Aug-02,248.13,,
22-Aug-02,259.01,,
23-Aug-02,441.07,,
24-Aug-02,485.76,,
25-Aug-02,471.9,,
26-Aug-02,439.06,,
27-Aug-02,287.76,,
28-Aug-02,156.18,,
29-Aug-02,3.76,,
30-Aug-02,0,,
31-Aug-02,0,,
1-Sep-02,0,,
2-Sep-02,0.26,,
3-Sep-02,0.12,,
4-Sep-02,0.37,,
5-Sep-02,0,,
6-Sep-02,0.27,,
7-Sep-02,0.27,,
8-Sep-02,0.27,,
9-Sep-02,0.27,,
10-Sep-02,0.27,,
11-Sep-02,0,,
12-Sep-02,0.54,,
13-Sep-02,2.38,,
14-Sep-02,15.53,,
15-Sep-02,152.11,,
16-Sep-02,299.64,,
17-Sep-02,467.92,,
18-Sep-02,798.11,,
19-Sep-02,1231.33,,
20-Sep-02,1617.29,,
21-Sep-02,975.6,,
22-Sep-02,1411.3,,
23-Sep-02,409.66,,
24-Sep-02,39.43,,
25-Sep-02,0,,
26-Sep-02,567.82,,
27-Sep-02,294.29,,
28-Sep-02,0,,
29-Sep-02,211.16,,
30-Sep-02,439.75,,
1-Oct-02,20.75,,
2-Oct-02,203.6,,
3-Oct-02,332.24,,
4-Oct-02,626.79,,
5-Oct-02,992.53,,
6-Oct-02,1625.71,,
7-Oct-02,2663.09,,
8-Oct-02,3689.06,,
9-Oct-02,3575.37,,
10-Oct-02,1949.72,,
11-Oct-02,1290.05,,
12-Oct-02,383.15,,
13-Oct-02,142.14,,
14-Oct-02,0.54,,
15-Oct-02,0,,
16-Oct-02,1.77,,
17-Oct-02,7.38,,
18-Oct-02,125.58,,
19-Oct-02,290.75,,
20-Oct-02,461.16,,
21-Oct-02,593.35,,
22-Oct-02,680.92,,
23-Oct-02,361.37,,
24-Oct-02,329.36,,
25-Oct-02,312.93,,
26-Oct-02,492.75,,
27-Oct-02,634.56,,
28-Oct-02,1031.24,,
29-Oct-02,1040.08,,
30-Oct-02,1375.79,,
31-Oct-02,1286.95,,
1-Nov-02,1167.45,,
2-Nov-02,2019.11,,
3-Nov-02,2806.91,,
4-Nov-02,3305.32,,
5-Nov-02,2910.93,,
6-Nov-02,1934.04,,
7-Nov-02,3304.33,,
8-Nov-02,3777.09,,
9-Nov-02,4457.02,,
10-Nov-02,4575.65,,
11-Nov-02,4387.82,,
12-Nov-02,4340.67,,
13-Nov-02,2288.92,,
14-Nov-02,2828.71,,
15-Nov-02,2134.65,,
16-Nov-02,225.24,,
17-Nov-02,0.27,,
18-Nov-02,0.28,,
19-Nov-02,0.28,,
20-Nov-02,0.28,,
21-Nov-02,0,,
22-Nov-02,0,,
23-Nov-02,0.84,,
24-Nov-02,89.14,,
25-Nov-02,91.79,,
26-Nov-02,126.17,,
27-Nov-02,159.91,,
28-Nov-02,199.73,,
29-Nov-02,310.47,,
30-Nov-02,470.29,,
1-Dec-02,465.29,,
2-Dec-02,1103.11,,
3-Dec-02,1558.39,,
4-Dec-02,1389.12,,
5-Dec-02,1451.13,,
6-Dec-02,1241.22,,
7-Dec-02,982.12,,
8-Dec-02,1101.12,,
9-Dec-02,234.63,,
10-Dec-02,0,,
11-Dec-02,0.27,,
12-Dec-02,0,,
13-Dec-02,0,,
14-Dec-02,0.27,,
15-Dec-02,0.27,,
16-Dec-02,0.27,,
17-Dec-02,23.87,,
18-Dec-02,56.94,,
19-Dec-02,87.76,,
20-Dec-02,25.04,,
21-Dec-02,0.27,,
22-Dec-02,0.27,,
23-Dec-02,52.63,,
24-Dec-02,90.95,,
25-Dec-02,96.71,,
26-Dec-02,116.91,,
27-Dec-02,146.9,,
28-Dec-02,165.86,,
29-Dec-02,188.21,,
30-Dec-02,221.54,,
31-Dec-02,264.7,,
1-Jan-03,6.03,,
2-Jan-03,111.15,,
3-Jan-03,63.84,,
4-Jan-03,101.59,,
5-Jan-03,133.92,,
6-Jan-03,304.91,,
7-Jan-03,468.64,,
8-Jan-03,627,,
9-Jan-03,667.08,,
10-Jan-03,772.43,,
11-Jan-03,682.69,,
12-Jan-03,888.1,,
13-Jan-03,288.93,,
14-Jan-03,314.5,,
15-Jan-03,483.74,,
16-Jan-03,791.32,,
17-Jan-03,942.63,,
18-Jan-03,1115.61,,
19-Jan-03,1437.89,,
20-Jan-03,1641.57,,
21-Jan-03,1663.55,,
22-Jan-03,2000.42,,
23-Jan-03,2010.81,,
24-Jan-03,1801.32,,
25-Jan-03,1694.37,,
26-Jan-03,1749.52,,
27-Jan-03,2263.21,,
28-Jan-03,1714.57,,
29-Jan-03,1582.46,,
30-Jan-03,1623.16,,
31-Jan-03,3656.72,,
1-Feb-03,5054.4,,
2-Feb-03,4921.5,,
3-Feb-03,3190.76,,
4-Feb-03,3628.97,,
5-Feb-03,1835.91,,
6-Feb-03,2822.69,,
7-Feb-03,3446.1,,
8-Feb-03,2721.94,,
9-Feb-03,3574.24,,
10-Feb-03,3521.43,,
11-Feb-03,3576.5,,
12-Feb-03,3484.56,,
13-Feb-03,3526.71,,
14-Feb-03,3284.65,,
15-Feb-03,3706.29,,
16-Feb-03,1428.68,,
17-Feb-03,1542.66,,
18-Feb-03,3055.56,,
19-Feb-03,3120.56,,
20-Feb-03,2433.44,,
21-Feb-03,1160.51,,
22-Feb-03,975.71,,
23-Feb-03,182.41,,
24-Feb-03,443.59,,
25-Feb-03,535.56,,
26-Feb-03,951.5,,
27-Feb-03,1075.28,,
28-Feb-03,1792.53,,
1-Mar-03,2106.68,,
2-Mar-03,2258.9,,
3-Mar-03,2359.62,,
4-Mar-03,3184.45,,
5-Mar-03,4489.5,,
6-Mar-03,4864.83,,
7-Mar-03,5007.54,,
8-Mar-03,3565.8,,
9-Mar-03,3498.85,,
10-Mar-03,2048.11,,
11-Mar-03,2236.96,,
12-Mar-03,3362.93,,
13-Mar-03,1797.71,,
14-Mar-03,1122.43,,
15-Mar-03,543.95,,
16-Mar-03,198.16,,
17-Mar-03,23.37,,
18-Mar-03,0,,
19-Mar-03,2.14,,
20-Mar-03,2.14,,
21-Mar-03,2.14,,
22-Mar-03,0.29,,
23-Mar-03,0,,
24-Mar-03,0,,
25-Mar-03,50.08,,
26-Mar-03,181.11,,
27-Mar-03,10.04,,
28-Mar-03,0.29,,
29-Mar-03,0.28,,
30-Mar-03,2.08,,
31-Mar-03,6.37,,
1-Apr-03,85.32,,
2-Apr-03,70.08,,
3-Apr-03,141.82,,
4-Apr-03,512.09,,
5-Apr-03,825.34,,
6-Apr-03,1756.38,,
7-Apr-03,2369.05,,
8-Apr-03,3532.86,,
9-Apr-03,1514.81,,
10-Apr-03,1524.69,,
11-Apr-03,2034.02,,
12-Apr-03,3359.95,,
13-Apr-03,4856.91,,
14-Apr-03,5146.63,,
15-Apr-03,3816.76,,
16-Apr-03,2812.18,,
17-Apr-03,2952.65,,
18-Apr-03,2372.47,,
19-Apr-03,3291.02,,
20-Apr-03,5127.58,,
21-Apr-03,5681.01,,
22-Apr-03,6190.58,,
23-Apr-03,7025.79,,
24-Apr-03,6892.11,,
25-Apr-03,4335.13,,
26-Apr-03,1132.92,,
27-Apr-03,0,,
28-Apr-03,0,,
29-Apr-03,0.29,,
30-Apr-03,0.12,,
1-May-03,0.34,,
2-May-03,0.41,,
3-May-03,62.81,,
4-May-03,109.16,,
5-May-03,180.52,,
6-May-03,422.86,,
7-May-03,1284.12,,
8-May-03,2093.93,,
9-May-03,3624.63,,
10-May-03,6897.24,,
11-May-03,8285.27,,
12-May-03,8243.03,,
13-May-03,7016.11,,
14-May-03,6537.6,,
15-May-03,3486.27,,
16-May-03,4721.96,,
17-May-03,919.69,,
18-May-03,840.15,,
19-May-03,1221.92,,
20-May-03,3481.54,,
21-May-03,3390.21,,
22-May-03,632.68,,
23-May-03,92.3,,
24-May-03,80.26,,
25-May-03,9.92,,
26-May-03,146.35,,
27-May-03,0,,
28-May-03,0,,
29-May-03,0,,
30-May-03,0.29,,
31-May-03,0.27,,
1-Jun-03,0.27,,
2-Jun-03,0.26,,
3-Jun-03,0.14,,
4-Jun-03,0,,
5-Jun-03,0,,
6-Jun-03,0.2,,
7-Jun-03,0,,
8-Jun-03,0,,
9-Jun-03,0,,
10-Jun-03,0.27,,
11-Jun-03,0.26,,
12-Jun-03,0,,
13-Jun-03,1.05,,
14-Jun-03,0.92,,
15-Jun-03,1.9,,
16-Jun-03,0.24,,
17-Jun-03,160.96,,
18-Jun-03,0,,
19-Jun-03,0.39,,
20-Jun-03,0,,
21-Jun-03,0,,
22-Jun-03,0.28,,
23-Jun-03,0.23,,
24-Jun-03,0.3,,
25-Jun-03,0.26,,
26-Jun-03,0.26,,
27-Jun-03,0.12,,
28-Jun-03,343.56,,
29-Jun-03,4181.6,,
30-Jun-03,8063.63,,
1-Jul-03,2773.53,,
2-Jul-03,13.37,,
3-Jul-03,612.23,,
4-Jul-03,1739.05,,
5-Jul-03,428.44,,
6-Jul-03,2415.13,,
7-Jul-03,3833.4,,
8-Jul-03,2439.39,,
9-Jul-03,4523.81,,
10-Jul-03,4784.43,,
11-Jul-03,6053.19,,
12-Jul-03,4770.82,,
13-Jul-03,4155.14,,
14-Jul-03,780.8,,
15-Jul-03,78.17,,
16-Jul-03,168.27,,
17-Jul-03,196.23,,
18-Jul-03,285.19,,
19-Jul-03,303.99,,
20-Jul-03,384.1,,
21-Jul-03,307.11,,
22-Jul-03,117.59,,
23-Jul-03,12.24,,
24-Jul-03,0,,
25-Jul-03,0.23,,
26-Jul-03,3.28,,
27-Jul-03,15.74,,
28-Jul-03,42.76,,
29-Jul-03,0.29,,
30-Jul-03,1.06,,
31-Jul-03,29.15,,
1-Aug-03,54.09,,
2-Aug-03,47.34,,
3-Aug-03,0,,
4-Aug-03,6.21,,
5-Aug-03,15.82,,
6-Aug-03,15.82,,
7-Aug-03,42.09,,
8-Aug-03,0,,
9-Aug-03,0,,
10-Aug-03,0,,
11-Aug-03,0,,
12-Aug-03,0,,
13-Aug-03,0.27,,
14-Aug-03,0,,
15-Aug-03,0.27,,
16-Aug-03,0.07,,
17-Aug-03,0.45,,
18-Aug-03,0,,
19-Aug-03,0.4,,
20-Aug-03,0,,
21-Aug-03,0,,
22-Aug-03,0,,
23-Aug-03,0,,
24-Aug-03,0,,
25-Aug-03,0.26,,
26-Aug-03,0.19,,
27-Aug-03,0,,
28-Aug-03,0,,
29-Aug-03,0.27,,
30-Aug-03,1.67,,
31-Aug-03,7.91,,
1-Sep-03,20.86,,
2-Sep-03,37.93,,
3-Sep-03,34.42,,
4-Sep-03,19.01,,
5-Sep-03,0,,
6-Sep-03,0,,
7-Sep-03,0,,
8-Sep-03,0.25,,
9-Sep-03,0.72,,
10-Sep-03,1.07,,
11-Sep-03,7.05,,
12-Sep-03,16.16,,
13-Sep-03,90.12,,
14-Sep-03,205.31,,
15-Sep-03,390.55,,
16-Sep-03,430.87,,
17-Sep-03,586.65,,
18-Sep-03,390.05,,
19-Sep-03,331.08,,
20-Sep-03,170.67,,
21-Sep-03,207.76,,
22-Sep-03,382.55,,
23-Sep-03,422.51,,
24-Sep-03,247.21,,
25-Sep-03,1.46,,
26-Sep-03,0,,
27-Sep-03,0,,
28-Sep-03,0,,
29-Sep-03,0,,
30-Sep-03,0.26,,
1-Oct-03,0.26,,
2-Oct-03,0.26,,
3-Oct-03,0,,
4-Oct-03,0.31,,
5-Oct-03,0.26,,
6-Oct-03,0.26,,
7-Oct-03,0.26,,
8-Oct-03,16.95,,
9-Oct-03,371.52,,
10-Oct-03,1015.97,,
11-Oct-03,1631.46,,
12-Oct-03,1620.61,,
13-Oct-03,1475.09,,
14-Oct-03,613.69,,
15-Oct-03,1980.89,,
16-Oct-03,2632.51,,
17-Oct-03,1966.8,,
18-Oct-03,3553.35,,
19-Oct-03,3291.02,,
20-Oct-03,2981.09,,
21-Oct-03,3162.96,,
22-Oct-03,3855.13,,
23-Oct-03,3965.92,,
24-Oct-03,3671.46,,
25-Oct-03,858.21,,
26-Oct-03,1245.52,,
27-Oct-03,2164.92,,
28-Oct-03,1982.78,,
29-Oct-03,434.43,,
30-Oct-03,766.25,,
31-Oct-03,1895.82,,
1-Nov-03,1068.69,,
2-Nov-03,855.44,,
3-Nov-03,136.86,,
4-Nov-03,0,,
5-Nov-03,0,,
6-Nov-03,0,,
7-Nov-03,0.28,,
8-Nov-03,0.26,,
9-Nov-03,3.89,,
10-Nov-03,11.67,,
11-Nov-03,25.28,,
12-Nov-03,46.29,,
13-Nov-03,60.86,,
14-Nov-03,342.17,,
15-Nov-03,1033.28,,
16-Nov-03,1407.82,,
17-Nov-03,2378.83,,
18-Nov-03,2438.35,,
19-Nov-03,1309.44,,
20-Nov-03,2389.14,,
21-Nov-03,2871.87,,
22-Nov-03,2825.06,,
23-Nov-03,2775.87,,
24-Nov-03,2755.18,,
25-Nov-03,1476.94,,
26-Nov-03,2432.65,,
27-Nov-03,3078.69,,
28-Nov-03,3439.6,,
29-Nov-03,4886.35,,
30-Nov-03,4417.47,,
1-Dec-03,3810.61,,
2-Dec-03,3665.12,,
3-Dec-03,2388.73,,
4-Dec-03,1199.79,,
5-Dec-03,427.1,,
6-Dec-03,267.83,,
7-Dec-03,416.97,,
8-Dec-03,695.96,,
9-Dec-03,894.96,,
10-Dec-03,708.93,,
11-Dec-03,799.3,,
12-Dec-03,1451.05,,
13-Dec-03,1542,,
14-Dec-03,459.55,,
15-Dec-03,2.38,,
16-Dec-03,0,,
17-Dec-03,0,,
18-Dec-03,0.28,,
19-Dec-03,0.28,,
20-Dec-03,0.28,,
21-Dec-03,0.29,,
22-Dec-03,23.56,,
23-Dec-03,35.77,,
24-Dec-03,1.3,,
25-Dec-03,1.74,,
26-Dec-03,0.28,,
27-Dec-03,51.83,,
28-Dec-03,94.95,,
29-Dec-03,188.14,,
30-Dec-03,992.53,,
31-Dec-03,1209.17,,
1-Jan-04,1369.86,,
2-Jan-04,1536,,
3-Jan-04,1747.2,,
4-Jan-04,2074.11,,
5-Jan-04,2295.43,,
6-Jan-04,1844.89,,
7-Jan-04,2276.09,,
8-Jan-04,2244.59,,
9-Jan-04,2124.43,,
10-Jan-04,2777.74,,
11-Jan-04,2624.67,,
12-Jan-04,3454.05,,
13-Jan-04,3045.31,,
14-Jan-04,3661.65,,
15-Jan-04,2800.88,,
16-Jan-04,3081.1,,
17-Jan-04,2520.27,,
18-Jan-04,388.88,,
19-Jan-04,71.93,,
20-Jan-04,113.95,,
21-Jan-04,186.15,,
22-Jan-04,232.14,,
23-Jan-04,242.95,,
24-Jan-04,294.16,,
25-Jan-04,307.49,,
26-Jan-04,314.41,,
27-Jan-04,281.74,,
28-Jan-04,217.6,,
29-Jan-04,200.96,,
30-Jan-04,97.68,,
31-Jan-04,0,,
1-Feb-04,0,,
2-Feb-04,0.29,,
3-Feb-04,0.29,,
4-Feb-04,0.29,,
5-Feb-04,0.73,,
6-Feb-04,45.2,,
7-Feb-04,75.5,,
8-Feb-04,107.88,,
9-Feb-04,139.06,,
10-Feb-04,157.55,,
11-Feb-04,209.37,,
12-Feb-04,560.09,,
13-Feb-04,690.1,,
14-Feb-04,1471.37,,
15-Feb-04,141.54,,
16-Feb-04,118.13,,
17-Feb-04,133.69,,
18-Feb-04,178.3,,
19-Feb-04,240.36,,
20-Feb-04,411.71,,
21-Feb-04,911.89,,
22-Feb-04,2128.65,,
23-Feb-04,2786.94,,
24-Feb-04,3260.23,,
25-Feb-04,300.98,,
26-Feb-04,0,,
27-Feb-04,0.27,,
28-Feb-04,0.27,,
29-Feb-04,0.28,,
1-Mar-04,0.28,,
2-Mar-04,2.29,,
3-Mar-04,2.63,,
4-Mar-04,25.39,,
5-Mar-04,81.15,,
6-Mar-04,576.48,,
7-Mar-04,2279.26,,
8-Mar-04,3744.9,,
9-Mar-04,2746.46,,
10-Mar-04,3672.51,,
11-Mar-04,3304.85,,
12-Mar-04,3784.69,,
13-Mar-04,4641.45,,
14-Mar-04,3887.87,,
15-Mar-04,3488.69,,
16-Mar-04,969.83,,
17-Mar-04,1892.05,,
18-Mar-04,3693.59,,
19-Mar-04,4864.28,,
20-Mar-04,5352,,
21-Mar-04,6243.52,,
22-Mar-04,6651.7,,
23-Mar-04,5331.41,,
24-Mar-04,4188.97,,
25-Mar-04,3555.58,,
26-Mar-04,4165.68,,
27-Mar-04,4484.27,,
28-Mar-04,5150.78,,
29-Mar-04,4543.91,,
30-Mar-04,5773.28,,
31-Mar-04,6762,,
1-Apr-04,5420.51,,
2-Apr-04,5653.07,,
3-Apr-04,6210.42,,
4-Apr-04,7152.03,,
5-Apr-04,6857.48,,
6-Apr-04,5231.84,,
7-Apr-04,4486.41,,
8-Apr-04,6312.96,,
9-Apr-04,4895.76,,
10-Apr-04,4753.91,,
11-Apr-04,3732.78,,
12-Apr-04,219.31,,
13-Apr-04,9.39,,
14-Apr-04,2.1,,
15-Apr-04,2.11,,
16-Apr-04,77.72,,
17-Apr-04,206.65,,
18-Apr-04,176.35,,
19-Apr-04,465.83,,
20-Apr-04,1190.53,,
21-Apr-04,4058.76,,
22-Apr-04,5379.56,,
23-Apr-04,5717.2,,
24-Apr-04,5175.1,,
25-Apr-04,6319.38,,
26-Apr-04,6605.04,,
27-Apr-04,1139.81,,
28-Apr-04,2732.07,,
29-Apr-04,2696.18,,
30-Apr-04,3613.45,,
1-May-04,5376.31,,
2-May-04,3241.72,,
3-May-04,118.52,,
4-May-04,54.39,,
5-May-04,223.11,,
6-May-04,1864.95,,
7-May-04,4646.58,,
8-May-04,6749.82,,
9-May-04,7581.62,,
10-May-04,5724.29,,
11-May-04,5391.52,,
12-May-04,4947.75,,
13-May-04,8144.67,,
14-May-04,8838.02,,
15-May-04,7121.2,,
16-May-04,3249.71,,
17-May-04,6120.04,,
18-May-04,7696.14,,
19-May-04,9507.16,,
20-May-04,10951.44,,
21-May-04,10826.85,,
22-May-04,11114.31,,
23-May-04,10185.55,,
24-May-04,11440.26,,
25-May-04,10729.94,,
26-May-04,11095.9,,
27-May-04,11886.65,,
28-May-04,11748.24,,
29-May-04,10925.88,,
30-May-04,9168.82,,
31-May-04,6820.35,,
1-Jun-04,2161.24,,
2-Jun-04,1310.72,,
3-Jun-04,4711.44,,
4-Jun-04,487.63,,
5-Jun-04,5.54,,
6-Jun-04,4.13,,
7-Jun-04,1207.56,,
8-Jun-04,537.34,,
9-Jun-04,0,,
10-Jun-04,185.87,,
11-Jun-04,0.36,,
12-Jun-04,693.14,,
13-Jun-04,12.16,,
14-Jun-04,1147.21,,
15-Jun-04,0,,
16-Jun-04,299.63,,
17-Jun-04,826.73,,
18-Jun-04,13.43,,
19-Jun-04,9.37,,
20-Jun-04,164.01,,
21-Jun-04,0,,
22-Jun-04,38,,
23-Jun-04,899.39,,
24-Jun-04,1982.56,,
25-Jun-04,2857.24,,
26-Jun-04,4107.48,,
27-Jun-04,9083.27,,
28-Jun-04,5022.06,,
29-Jun-04,898.35,,
30-Jun-04,3467.21,,
1-Jul-04,2799.05,,
2-Jul-04,2444.27,,
3-Jul-04,2189.31,,
4-Jul-04,1025.01,,
5-Jul-04,1497.76,,
6-Jul-04,1874.03,,
7-Jul-04,2823.19,,
8-Jul-04,4545.86,,
9-Jul-04,5867.28,,
10-Jul-04,1707.27,,
11-Jul-04,1026.5,,
12-Jul-04,1774.34,,
13-Jul-04,3555.67,,
14-Jul-04,1646.55,,
15-Jul-04,176.97,,
16-Jul-04,34.47,,
17-Jul-04,20.75,,
18-Jul-04,12.99,,
19-Jul-04,5.22,,
20-Jul-04,3.01,,
21-Jul-04,6.36,,
22-Jul-04,140.54,,
23-Jul-04,54.82,,
24-Jul-04,77.42,,
25-Jul-04,74.6,,
26-Jul-04,66.62,,
27-Jul-04,66.69,,
28-Jul-04,82.09,,
29-Jul-04,93.36,,
30-Jul-04,73.72,,
31-Jul-04,35.52,,
1-Aug-04,0,,
2-Aug-04,0,,
3-Aug-04,0,,
4-Aug-04,0,,
5-Aug-04,0,,
6-Aug-04,0,,
7-Aug-04,0,,
8-Aug-04,0,,
9-Aug-04,0.24,,
10-Aug-04,0.04,,
11-Aug-04,0,,
12-Aug-04,0,,
13-Aug-04,0,,
14-Aug-04,0,,
15-Aug-04,0.23,,
16-Aug-04,0.23,,
17-Aug-04,0,,
18-Aug-04,0,,
19-Aug-04,0.23,,
20-Aug-04,0.23,,
21-Aug-04,0,,
22-Aug-04,0.24,,
23-Aug-04,0,,
24-Aug-04,0,,
25-Aug-04,0,,
26-Aug-04,0,,
27-Aug-04,0,,
28-Aug-04,0.24,,
29-Aug-04,0,,
30-Aug-04,0,,
31-Aug-04,0,,
1-Sep-04,0,,
2-Sep-04,0.24,,
3-Sep-04,0,,
4-Sep-04,0,,
5-Sep-04,0,,
6-Sep-04,0,,
7-Sep-04,0,,
8-Sep-04,0,,
9-Sep-04,0.19,,
10-Sep-04,0.18,,
11-Sep-04,0.18,,
12-Sep-04,0.18,,
13-Sep-04,2.33,,
14-Sep-04,11.68,,
15-Sep-04,144.71,,
16-Sep-04,635.93,,
17-Sep-04,0,,
18-Sep-04,0,,
19-Sep-04,2.03,,
20-Sep-04,0,,
21-Sep-04,0,,
22-Sep-04,0,,
23-Sep-04,0,,
24-Sep-04,0,,
25-Sep-04,0,,
26-Sep-04,0,,
27-Sep-04,0,,
28-Sep-04,0,,
29-Sep-04,0,,
30-Sep-04,0,,
1-Oct-04,0,,
2-Oct-04,0,,
3-Oct-04,0,,
4-Oct-04,0,,
5-Oct-04,0,,
6-Oct-04,0,,
7-Oct-04,0,,
8-Oct-04,0,,
9-Oct-04,0.57,,
10-Oct-04,27.64,,
11-Oct-04,0,,
12-Oct-04,0,,
13-Oct-04,106.96,,
14-Oct-04,300.74,,
15-Oct-04,159.91,,
16-Oct-04,545.19,,
17-Oct-04,720.75,,
18-Oct-04,757.05,,
19-Oct-04,90.71,,
20-Oct-04,18.35,,
21-Oct-04,14.65,,
22-Oct-04,24.57,,
23-Oct-04,39.95,,
24-Oct-04,58.91,,
25-Oct-04,142.59,,
26-Oct-04,260.95,,
27-Oct-04,371.46,,
28-Oct-04,469.28,,
29-Oct-04,624.34,,
30-Oct-04,1613.64,,
31-Oct-04,2026.63,,
1-Nov-04,3156.48,,
2-Nov-04,3522.13,,
3-Nov-04,3149.96,,
4-Nov-04,3231.67,,
5-Nov-04,2124.66,,
6-Nov-04,2284.2,,
7-Nov-04,2753.47,,
8-Nov-04,3554.88,,
9-Nov-04,2568.5,,
10-Nov-04,2907.69,,
11-Nov-04,2809.18,,
12-Nov-04,2048.22,,
13-Nov-04,1640.57,,
14-Nov-04,278.43,,
15-Nov-04,45.43,,
16-Nov-04,287.95,,
17-Nov-04,535.16,,
18-Nov-04,1347.52,,
19-Nov-04,1461.97,,
20-Nov-04,1625.1,,
21-Nov-04,1606.89,,
22-Nov-04,1979.02,,
23-Nov-04,2387.21,,
24-Nov-04,2078.34,,
25-Nov-04,586.73,,
26-Nov-04,1288.33,,
27-Nov-04,521.39,,
28-Nov-04,477.12,,
29-Nov-04,1376.18,,
30-Nov-04,2497.75,,
1-Dec-04,2277.63,,
2-Dec-04,2154.83,,
3-Dec-04,2554.18,,
4-Dec-04,2604.86,,
5-Dec-04,3036.78,,
6-Dec-04,3352.46,,
7-Dec-04,3274.17,,
8-Dec-04,3321.9,,
9-Dec-04,3092.72,,
10-Dec-04,1775.3,,
11-Dec-04,1757.85,,
12-Dec-04,2199.15,,
13-Dec-04,2101.42,,
14-Dec-04,2360.95,,
15-Dec-04,2038.02,,
16-Dec-04,1781.02,,
17-Dec-04,659.59,,
18-Dec-04,621.71,,
19-Dec-04,876.97,,
20-Dec-04,1791.19,,
21-Dec-04,2127.48,,
22-Dec-04,2173.1,,
23-Dec-04,526.6,,
24-Dec-04,218.25,,
25-Dec-04,155.33,,
26-Dec-04,142.55,,
27-Dec-04,179.55,,
28-Dec-04,201.85,,
29-Dec-04,317.64,,
30-Dec-04,334.04,,
31-Dec-04,347.02,,
1-Jan-05,266.37,,
2-Jan-05,381.68,,
3-Jan-05,670,,
4-Jan-05,750.45,,
5-Jan-05,986.67,,
6-Jan-05,1091.57,,
7-Jan-05,2578.36,,
8-Jan-05,3054.69,,
9-Jan-05,3251.3,,
10-Jan-05,2897.24,,
11-Jan-05,2474.97,,
12-Jan-05,2041.09,,
13-Jan-05,1974.41,,
14-Jan-05,303.7,,
15-Jan-05,32.69,,
16-Jan-05,48.09,,
17-Jan-05,79.7,,
18-Jan-05,164.81,,
19-Jan-05,272.01,,
20-Jan-05,417.2,,
21-Jan-05,578.5,,
22-Jan-05,571.74,,
23-Jan-05,583.91,,
24-Jan-05,645.46,,
25-Jan-05,828.04,,
26-Jan-05,1602,,
27-Jan-05,1562.05,,
28-Jan-05,1560.12,,
29-Jan-05,1051.04,,
30-Jan-05,1118.92,,
31-Jan-05,1674.62,,
1-Feb-05,2205,,
2-Feb-05,2327.74,,
3-Feb-05,1854.03,,
4-Feb-05,2608.27,,
5-Feb-05,2572.76,,
6-Feb-05,2720.99,,
7-Feb-05,3369.17,,
8-Feb-05,3601.93,,
9-Feb-05,2969.52,,
10-Feb-05,2495.16,,
11-Feb-05,4582.89,,
12-Feb-05,3957.64,,
13-Feb-05,3534.1,,
14-Feb-05,3435.49,,
15-Feb-05,3236.44,,
16-Feb-05,3665.72,,
17-Feb-05,4422.96,,
18-Feb-05,4282.36,,
19-Feb-05,3729.18,,
20-Feb-05,3296.11,,
21-Feb-05,4604.75,,
22-Feb-05,4026.65,,
23-Feb-05,4208.06,,
24-Feb-05,2466.72,,
25-Feb-05,421.16,,
26-Feb-05,6.39,,
27-Feb-05,0,,
28-Feb-05,0.98,,
1-Mar-05,261.36,,
2-Mar-05,268.84,,
3-Mar-05,225.87,,
4-Mar-05,0,,
5-Mar-05,1.85,,
6-Mar-05,1.85,,
7-Mar-05,72.04,,
8-Mar-05,247.46,,
9-Mar-05,3.14,,
10-Mar-05,0,,
11-Mar-05,0,,
12-Mar-05,0,,
13-Mar-05,2.63,,
14-Mar-05,2.91,,
15-Mar-05,4.08,,
16-Mar-05,0,,
17-Mar-05,0,,
18-Mar-05,0,,
19-Mar-05,0,,
20-Mar-05,0,,
21-Mar-05,0,,
22-Mar-05,0,,
23-Mar-05,0,,
24-Mar-05,0,,
25-Mar-05,0,,
26-Mar-05,0,,
27-Mar-05,0,,
28-Mar-05,0,,
29-Mar-05,0,,
30-Mar-05,0.41,,
31-Mar-05,20.5,,
1-Apr-05,148.25,,
2-Apr-05,1.79,,
3-Apr-05,1.29,,
4-Apr-05,303.45,,
5-Apr-05,1023.5,,
6-Apr-05,1645.57,,
7-Apr-05,12.63,,
8-Apr-05,0,,
9-Apr-05,16.26,,
10-Apr-05,39.2,,
11-Apr-05,55.9,,
12-Apr-05,73.33,,
13-Apr-05,110.9,,
14-Apr-05,178.93,,
15-Apr-05,1233.69,,
16-Apr-05,1763.61,,
17-Apr-05,3166.61,,
18-Apr-05,4748.35,,
19-Apr-05,5495.24,,
20-Apr-05,2570.17,,
21-Apr-05,4466.65,,
22-Apr-05,5291.73,,
23-Apr-05,6478.49,,
24-Apr-05,6773.36,,
25-Apr-05,6434.11,,
26-Apr-05,6648.34,,
27-Apr-05,839.7,,
28-Apr-05,111.61,,
29-Apr-05,936.51,,
30-Apr-05,2045.57,,
1-May-05,4095.71,,
2-May-05,2118.5,,
3-May-05,210.03,,
4-May-05,1.35,,
5-May-05,10.74,,
6-May-05,46.41,,
7-May-05,71.44,,
8-May-05,104.03,,
9-May-05,178.19,,
10-May-05,734.45,,
11-May-05,999.57,,
12-May-05,2136.59,,
13-May-05,2274.77,,
14-May-05,2344.04,,
15-May-05,1699.21,,
16-May-05,2913.52,,
17-May-05,3431.71,,
18-May-05,6267.02,,
19-May-05,8039.53,,
20-May-05,7761.89,,
21-May-05,3387.54,,
22-May-05,2911.91,,
23-May-05,4797.57,,
24-May-05,7849.39,,
25-May-05,1238.54,,
26-May-05,34.05,,
27-May-05,87.69,,
28-May-05,62.7,,
29-May-05,159.72,,
30-May-05,31,,
31-May-05,0,,
1-Jun-05,0,,
2-Jun-05,0,,
3-Jun-05,0,,
4-Jun-05,0,,
5-Jun-05,0,,
6-Jun-05,0,,
7-Jun-05,0,,
8-Jun-05,0,,
9-Jun-05,0,,
10-Jun-05,0,,
11-Jun-05,0,,
12-Jun-05,0.15,,
13-Jun-05,0.15,,
14-Jun-05,0.16,,
15-Jun-05,0.15,,
16-Jun-05,0,,
17-Jun-05,0.23,,
18-Jun-05,0,,
19-Jun-05,0,,
20-Jun-05,0,,
21-Jun-05,0,,
22-Jun-05,0,,
23-Jun-05,0,,
24-Jun-05,0.5,,
25-Jun-05,0.15,,
26-Jun-05,0,,
27-Jun-05,0,,
28-Jun-05,0,,
29-Jun-05,0,,
30-Jun-05,0,,
1-Jul-05,0,,
2-Jul-05,0.14,,
3-Jul-05,0.14,,
4-Jul-05,0.14,,
5-Jul-05,0.15,,
6-Jul-05,0.08,,
7-Jul-05,167.45,,
8-Jul-05,686.14,,
9-Jul-05,2.11,,
10-Jul-05,0.25,,
11-Jul-05,0,,
12-Jul-05,0.16,,
13-Jul-05,0,,
14-Jul-05,10.73,,
15-Jul-05,28.96,,
16-Jul-05,32.84,,
17-Jul-05,40.35,,
18-Jul-05,50.26,,
19-Jul-05,121.08,,
20-Jul-05,818.49,,
21-Jul-05,2540.17,,
22-Jul-05,3392.86,,
23-Jul-05,3378.9,,
24-Jul-05,514.47,,
25-Jul-05,590.55,,
26-Jul-05,684.86,,
27-Jul-05,992.53,,
28-Jul-05,362.65,,
29-Jul-05,393.24,,
30-Jul-05,160.14,,
31-Jul-05,0,,
1-Aug-05,0,,
2-Aug-05,0.18,,
3-Aug-05,0.18,,
4-Aug-05,0,,
5-Aug-05,0,,
6-Aug-05,0.18,,
7-Aug-05,0,,
8-Aug-05,0.24,,
9-Aug-05,0,,
10-Aug-05,1.84,,
11-Aug-05,13.6,,
12-Aug-05,45.63,,
13-Aug-05,42.83,,
14-Aug-05,30.96,,
15-Aug-05,20.65,,
16-Aug-05,282.89,,
17-Aug-05,77.19,,
18-Aug-05,171.91,,
19-Aug-05,547.15,,
20-Aug-05,157.93,,
21-Aug-05,98.39,,
22-Aug-05,93.25,,
23-Aug-05,115.57,,
24-Aug-05,107.1,,
25-Aug-05,0,,
26-Aug-05,0,,
27-Aug-05,0,,
28-Aug-05,0.1,,
29-Aug-05,6.66,,
30-Aug-05,18.39,,
31-Aug-05,18.39,,
1-Sep-05,11.97,,
2-Sep-05,0,,
3-Sep-05,0,,
4-Sep-05,0,,
5-Sep-05,0,,
6-Sep-05,0.13,,
7-Sep-05,0.05,,
8-Sep-05,6.77,,
9-Sep-05,11.43,,
10-Sep-05,38.9,,
11-Sep-05,58.72,,
12-Sep-05,88.16,,
13-Sep-05,331.02,,
14-Sep-05,2802.46,,
15-Sep-05,4033.95,,
16-Sep-05,3539.73,,
17-Sep-05,3446.95,,
18-Sep-05,1773.17,,
19-Sep-05,1490.92,,
20-Sep-05,234.28,,
21-Sep-05,41.34,,
22-Sep-05,21.74,,
23-Sep-05,109.27,,
24-Sep-05,293.69,,
25-Sep-05,654.97,,
26-Sep-05,183.25,,
27-Sep-05,34.3,,
28-Sep-05,6.76,,
29-Sep-05,0,,
30-Sep-05,0.19,,
1-Oct-05,0.19,,
2-Oct-05,3.88,,
3-Oct-05,3.88,,
4-Oct-05,3.88,,
5-Oct-05,0.18,,
6-Oct-05,0,,
7-Oct-05,0,,
8-Oct-05,0.17,,
9-Oct-05,0,,
10-Oct-05,0,,
11-Oct-05,0,,
12-Oct-05,0,,
13-Oct-05,0.16,,
14-Oct-05,0.16,,
15-Oct-05,0.17,,
16-Oct-05,19.86,,
17-Oct-05,89.95,,
18-Oct-05,138.68,,
19-Oct-05,6.46,,
20-Oct-05,6.66,,
21-Oct-05,5.44,,
22-Oct-05,27,,
23-Oct-05,105.99,,
24-Oct-05,0,,
25-Oct-05,0,,
26-Oct-05,0,,
27-Oct-05,0,,
28-Oct-05,0,,
29-Oct-05,0,,
30-Oct-05,0,,
31-Oct-05,0,,
1-Nov-05,0,,
2-Nov-05,0,,
3-Nov-05,0,,
4-Nov-05,0,,
5-Nov-05,0,,
6-Nov-05,0,,
7-Nov-05,0,,
8-Nov-05,3.4,,
9-Nov-05,117.51,,
10-Nov-05,1535.98,,
11-Nov-05,1719.41,,
12-Nov-05,1388.31,,
13-Nov-05,1507.66,,
14-Nov-05,24.08,,
15-Nov-05,470.69,,
16-Nov-05,701.21,,
17-Nov-05,615.87,,
18-Nov-05,376.69,,
19-Nov-05,33.3,,
20-Nov-05,170.12,,
21-Nov-05,18.3,,
22-Nov-05,328.39,,
23-Nov-05,427.38,,
24-Nov-05,617.64,,
25-Nov-05,785.79,,
26-Nov-05,979.81,,
27-Nov-05,791.38,,
28-Nov-05,905.07,,
29-Nov-05,1.18,,
30-Nov-05,0,,
1-Dec-05,0,,
2-Dec-05,0,,
3-Dec-05,0,,
4-Dec-05,1.7,,
5-Dec-05,3.75,,
6-Dec-05,12.3,,
7-Dec-05,14.33,,
8-Dec-05,52.48,,
9-Dec-05,158.37,,
10-Dec-05,364.15,,
11-Dec-05,461.53,,
12-Dec-05,823.57,,
13-Dec-05,1440.95,,
14-Dec-05,1586.44,,
15-Dec-05,1768.66,,
16-Dec-05,1487.67,,
17-Dec-05,1645.25,,
18-Dec-05,1302.37,,
19-Dec-05,562.69,,
20-Dec-05,307.99,,
21-Dec-05,947.49,,
22-Dec-05,1388.27,,
23-Dec-05,1488.2,,
24-Dec-05,1498.53,,
25-Dec-05,1316.24,,
26-Dec-05,2003.05,,
27-Dec-05,1748.34,,
28-Dec-05,1661.15,,
29-Dec-05,2237.27,,
30-Dec-05,2319.65,,
31-Dec-05,2306.05,,
1-Jan-06,2442.85,,
2-Jan-06,2676.43,,
3-Jan-06,3087.09,,
4-Jan-06,2258.94,,
5-Jan-06,1958.46,,
6-Jan-06,1840.21,,
7-Jan-06,2073.58,,
8-Jan-06,2447.38,,
9-Jan-06,2701.35,,
10-Jan-06,2465.63,,
11-Jan-06,1687.67,,
12-Jan-06,2774.89,,
13-Jan-06,2148.37,,
14-Jan-06,3874.03,,
15-Jan-06,2898.61,,
16-Jan-06,2418.98,,
17-Jan-06,2882.07,,
18-Jan-06,862.65,,
19-Jan-06,871.17,,
20-Jan-06,2172.5,,
21-Jan-06,2768.3,,
22-Jan-06,2610.86,,
23-Jan-06,2696.97,,
24-Jan-06,2567.25,,
25-Jan-06,3204.87,,
26-Jan-06,2542.91,,
27-Jan-06,2254.72,,
28-Jan-06,2683.22,,
29-Jan-06,2544.03,,
30-Jan-06,1782.9,,
31-Jan-06,2268.53,,
1-Feb-06,3058.76,,
2-Feb-06,2705.88,,
3-Feb-06,292.6,,
4-Feb-06,0,,
5-Feb-06,0,,
6-Feb-06,0,,
7-Feb-06,0,,
8-Feb-06,0,,
9-Feb-06,0,,
10-Feb-06,0,,
11-Feb-06,0,,
12-Feb-06,0,,
13-Feb-06,0,,
14-Feb-06,23.25,,
15-Feb-06,67.21,,
16-Feb-06,181.22,,
17-Feb-06,327.69,,
18-Feb-06,1277.4,,
19-Feb-06,1773.73,,
20-Feb-06,1891.92,,
21-Feb-06,2584.56,,
22-Feb-06,2966.6,,
23-Feb-06,3290.45,,
24-Feb-06,1542,,
25-Feb-06,681.39,,
26-Feb-06,1103.54,,
27-Feb-06,1837.73,,
28-Feb-06,2977.21,,
1-Mar-06,3004.34,,
2-Mar-06,3701.46,,
3-Mar-06,3730.8,,
4-Mar-06,4047.86,,
5-Mar-06,5117.15,,
6-Mar-06,5712.23,,
7-Mar-06,6394.37,,
8-Mar-06,4682.53,,
9-Mar-06,5016.26,,
10-Mar-06,5206.75,,
11-Mar-06,4595.76,,
12-Mar-06,4611.82,,
13-Mar-06,4724.23,,
14-Mar-06,4837.36,,
15-Mar-06,5367.34,,
16-Mar-06,4941.8,,
17-Mar-06,4595.88,,
18-Mar-06,5491.9,,
19-Mar-06,6393.48,,
20-Mar-06,7442.99,,
21-Mar-06,8572.5,,
22-Mar-06,5866.46,,
23-Mar-06,1157.64,,
24-Mar-06,115.58,,
25-Mar-06,332.86,,
26-Mar-06,455.77,,
27-Mar-06,495.99,,
28-Mar-06,647.37,,
29-Mar-06,1630.81,,
30-Mar-06,2686.38,,
31-Mar-06,4316.27,,
1-Apr-06,4856.81,,
2-Apr-06,4983.39,,
3-Apr-06,4995.73,,
4-Apr-06,5334.82,,
5-Apr-06,5814.27,,
6-Apr-06,5902.44,,
7-Apr-06,6402.19,,
8-Apr-06,6449.69,,
9-Apr-06,2680.88,,
10-Apr-06,3155.82,,
11-Apr-06,3636.32,,
12-Apr-06,5082.29,,
13-Apr-06,5471.39,,
14-Apr-06,7861.8,,
15-Apr-06,7360.57,,
16-Apr-06,7423.16,,
17-Apr-06,7808.19,,
18-Apr-06,7092.47,,
19-Apr-06,3867.19,,
20-Apr-06,3774.33,,
21-Apr-06,3910.99,,
22-Apr-06,2004.86,,
23-Apr-06,2393.94,,
24-Apr-06,2329.22,,
25-Apr-06,3600.01,,
26-Apr-06,3555.9,,
27-Apr-06,5003.33,,
28-Apr-06,7111.87,,
29-Apr-06,6623,,
30-Apr-06,6411.68,,
1-May-06,8065.77,,
2-May-06,8864.34,,
3-May-06,9352.7,,
4-May-06,9747.8,,
5-May-06,10336.74,,
6-May-06,10842.99,,
7-May-06,11163.54,,
8-May-06,10631.92,,
9-May-06,3774.05,,
10-May-06,2632.19,,
11-May-06,5679.56,,
12-May-06,6776.2,,
13-May-06,7645.84,,
14-May-06,7083.59,,
15-May-06,1301.66,,
16-May-06,154.41,,
17-May-06,529.95,,
18-May-06,356.68,,
19-May-06,465.36,,
20-May-06,1389.02,,
21-May-06,2804.12,,
22-May-06,2875.4,,
23-May-06,1925.6,,
24-May-06,623.44,,
25-May-06,422.88,,
26-May-06,176.82,,
27-May-06,634.38,,
28-May-06,1283.84,,
29-May-06,1554.17,,
30-May-06,2504.84,,
31-May-06,1062.31,,
1-Jun-06,1232.43,,
2-Jun-06,1353.14,,
3-Jun-06,3479.18,,
4-Jun-06,2341.92,,
5-Jun-06,1793.58,,
6-Jun-06,4726.45,,
7-Jun-06,8166.01,,
8-Jun-06,9011.73,,
9-Jun-06,7960.28,,
10-Jun-06,7386.14,,
11-Jun-06,5655.78,,
12-Jun-06,663.25,,
13-Jun-06,5091.37,,
14-Jun-06,9667.29,,
15-Jun-06,11291.23,,
16-Jun-06,10491.7,,
17-Jun-06,2307.25,,
18-Jun-06,1416.16,,
19-Jun-06,4255.65,,
20-Jun-06,1715.7,,
21-Jun-06,5571.82,,
22-Jun-06,6980.75,,
23-Jun-06,7974.07,,
24-Jun-06,1208.43,,
25-Jun-06,21.68,,
26-Jun-06,448.59,,
27-Jun-06,82.41,,
28-Jun-06,70.72,,
29-Jun-06,0,,
30-Jun-06,0,,
1-Jul-06,109.69,,
2-Jul-06,0,,
3-Jul-06,179.53,,
4-Jul-06,310.74,,
5-Jul-06,261.21,,
6-Jul-06,24.07,,
7-Jul-06,0,,
8-Jul-06,0,,
9-Jul-06,0,,
10-Jul-06,0,,
11-Jul-06,0,,
12-Jul-06,0,,
13-Jul-06,0,,
14-Jul-06,0,,
15-Jul-06,7.46,,
16-Jul-06,19.3,,
17-Jul-06,21.67,,
18-Jul-06,51.28,,
19-Jul-06,52.87,,
20-Jul-06,1.83,,
21-Jul-06,0,,
22-Jul-06,0,,
23-Jul-06,0,,
24-Jul-06,0,,
25-Jul-06,1.73,,
26-Jul-06,10.1,,
27-Jul-06,10.1,,
28-Jul-06,8.37,,
29-Jul-06,9.98,,
30-Jul-06,286.95,,
31-Jul-06,1564.77,,
1-Aug-06,2731.08,,
2-Aug-06,3907.97,,
3-Aug-06,3048.9,,
4-Aug-06,4007.24,,
5-Aug-06,1042.41,,
6-Aug-06,4251.43,,
7-Aug-06,5281.05,,
8-Aug-06,6237.45,,
9-Aug-06,6228.86,,
10-Aug-06,4011.35,,
11-Aug-06,6089.66,,
12-Aug-06,4584.93,,
13-Aug-06,770.44,,
14-Aug-06,993.58,,
15-Aug-06,2136.9,,
16-Aug-06,53.96,,
17-Aug-06,14.76,,
18-Aug-06,401.46,,
19-Aug-06,53.36,,
20-Aug-06,149.23,,
21-Aug-06,133.59,,
22-Aug-06,107.04,,
23-Aug-06,8.22,,
24-Aug-06,0,,
25-Aug-06,0,,
26-Aug-06,0,,
27-Aug-06,0,,
28-Aug-06,0.25,,
29-Aug-06,0,,
30-Aug-06,0,,
31-Aug-06,0,,
1-Sep-06,0,,
2-Sep-06,0,,
3-Sep-06,0,,
4-Sep-06,0,,
5-Sep-06,0,,
6-Sep-06,0.23,,
7-Sep-06,0,,
8-Sep-06,0.25,,
9-Sep-06,0,,
10-Sep-06,0,,
11-Sep-06,0.21,,
12-Sep-06,0,,
13-Sep-06,1.13,,
14-Sep-06,0.14,,
15-Sep-06,0.29,,
16-Sep-06,0,,
17-Sep-06,24.62,,
18-Sep-06,50.17,,
19-Sep-06,15.9,,
20-Sep-06,2.02,,
21-Sep-06,12.8,,
22-Sep-06,67.59,,
23-Sep-06,99.07,,
24-Sep-06,113.04,,
25-Sep-06,318.62,,
26-Sep-06,358.44,,
27-Sep-06,263.94,,
28-Sep-06,1264.26,,
29-Sep-06,2146.49,,
30-Sep-06,2432.4,,
1-Oct-06,1681.89,,
2-Oct-06,2352.47,,
3-Oct-06,1876.51,,
4-Oct-06,3050.5,,
5-Oct-06,2633.12,,
6-Oct-06,2591.51,,
7-Oct-06,3212.39,,
8-Oct-06,2156.42,,
9-Oct-06,2282.84,,
10-Oct-06,3847.55,,
11-Oct-06,4227.55,,
12-Oct-06,2150.87,,
13-Oct-06,3750.82,,
14-Oct-06,3008.76,,
15-Oct-06,3474.28,,
16-Oct-06,3724.17,,
17-Oct-06,3663.3,,
18-Oct-06,3661.01,,
19-Oct-06,3669.94,,
20-Oct-06,4024.79,,
21-Oct-06,3948.71,,
22-Oct-06,4018.74,,
23-Oct-06,3248.7,,
24-Oct-06,4548.94,,
25-Oct-06,3884.59,,
26-Oct-06,3807.79,,
27-Oct-06,3416.58,,
28-Oct-06,948.05,,
29-Oct-06,2207.09,,
30-Oct-06,1643.31,,
31-Oct-06,64.51,,
1-Nov-06,770.33,,
2-Nov-06,101.56,,
3-Nov-06,541.52,,
4-Nov-06,1288.92,,
5-Nov-06,1289.32,,
6-Nov-06,1799.65,,
7-Nov-06,620.04,,
8-Nov-06,2389.6,,
9-Nov-06,3156.24,,
10-Nov-06,3345.31,,
11-Nov-06,2612.56,,
12-Nov-06,2747.99,,
13-Nov-06,2994.19,,
14-Nov-06,3288.99,,
15-Nov-06,3463.33,,
16-Nov-06,683.76,,
17-Nov-06,1980.58,,
18-Nov-06,2876.73,,
19-Nov-06,2957.68,,
20-Nov-06,2774.77,,
21-Nov-06,3066.23,,
22-Nov-06,2702.75,,
23-Nov-06,3097.76,,
24-Nov-06,2259.74,,
25-Nov-06,3162.84,,
26-Nov-06,2277.31,,
27-Nov-06,3296.46,,
28-Nov-06,3657.02,,
29-Nov-06,1662.71,,
30-Nov-06,2395.98,,
1-Dec-06,2840.11,,
2-Dec-06,3073.86,,
3-Dec-06,2054.58,,
4-Dec-06,2434.14,,
5-Dec-06,2828.4,,
6-Dec-06,2641.97,,
7-Dec-06,1749.11,,
8-Dec-06,2006.99,,
9-Dec-06,2845.27,,
10-Dec-06,3497.27,,
11-Dec-06,2705.19,,
12-Dec-06,2661.48,,
13-Dec-06,1553.05,,
14-Dec-06,156.03,,
15-Dec-06,50.35,,
16-Dec-06,31.17,,
17-Dec-06,114.78,,
18-Dec-06,186.61,,
19-Dec-06,334.16,,
20-Dec-06,400.48,,
21-Dec-06,777.61,,
22-Dec-06,621.73,,
23-Dec-06,489.15,,
24-Dec-06,40.17,,
25-Dec-06,31.17,,
26-Dec-06,0.25,,
27-Dec-06,0.25,,
28-Dec-06,0.25,,
29-Dec-06,0.25,,
30-Dec-06,4.18,,
31-Dec-06,4.18,,
1-Jan-07,4.18,,
2-Jan-07,0.07,,
3-Jan-07,0.49,,
4-Jan-07,58.36,,
5-Jan-07,166.17,,
6-Jan-07,896.05,,
7-Jan-07,1979.92,,
8-Jan-07,1504.22,,
9-Jan-07,2250.68,,
10-Jan-07,2082.59,,
11-Jan-07,2541.33,,
12-Jan-07,3178.02,,
13-Jan-07,3504.23,,
14-Jan-07,3291.4,,
15-Jan-07,3235.48,,
16-Jan-07,2827.86,,
17-Jan-07,1766.34,,
18-Jan-07,1546.25,,
19-Jan-07,2175.29,,
20-Jan-07,1887.81,,
21-Jan-07,2546.55,,
22-Jan-07,1825.92,,
23-Jan-07,1821.37,,
24-Jan-07,645.77,,
25-Jan-07,177.94,,
26-Jan-07,1175.15,,
27-Jan-07,1079.73,,
28-Jan-07,2340.91,,
29-Jan-07,2677.51,,
30-Jan-07,1337.9,,
31-Jan-07,2496.32,,
1-Feb-07,4519.56,,
2-Feb-07,4359.04,,
3-Feb-07,2011.82,,
4-Feb-07,469.02,,
5-Feb-07,170.89,,
6-Feb-07,418.02,,
7-Feb-07,2208.24,,
8-Feb-07,3047.41,,
9-Feb-07,2910.87,,
10-Feb-07,2729.72,,
11-Feb-07,295.38,,
12-Feb-07,82.07,,
13-Feb-07,284.42,,
14-Feb-07,668.18,,
15-Feb-07,110.87,,
16-Feb-07,401.9,,
17-Feb-07,1775.42,,
18-Feb-07,1297.97,,
19-Feb-07,1585.47,,
20-Feb-07,866.53,,
21-Feb-07,1376.87,,
22-Feb-07,2374.24,,
23-Feb-07,3044.6,,
24-Feb-07,4202.42,,
25-Feb-07,3780.79,,
26-Feb-07,4505.96,,
27-Feb-07,4173.23,,
28-Feb-07,3217.18,,
1-Mar-07,3825.56,,
2-Mar-07,3764.11,,
3-Mar-07,4139.47,,
4-Mar-07,4426.82,,
5-Mar-07,5362.85,,
6-Mar-07,5455.51,,
7-Mar-07,5428.13,,
8-Mar-07,4915.84,,
9-Mar-07,4386.04,,
10-Mar-07,4020.8,,
11-Mar-07,4865.92,,
12-Mar-07,5131.43,,
13-Mar-07,5461.03,,
14-Mar-07,5047.83,,
15-Mar-07,3855.41,,
16-Mar-07,1709.99,,
17-Mar-07,6100.57,,
18-Mar-07,5516.82,,
19-Mar-07,3820.16,,
20-Mar-07,2702.42,,
21-Mar-07,5381.64,,
22-Mar-07,6099.07,,
23-Mar-07,6986.44,,
24-Mar-07,6899.99,,
25-Mar-07,7479.34,,
26-Mar-07,7368.43,,
27-Mar-07,7179.03,,
28-Mar-07,7247.72,,
29-Mar-07,7161.18,,
30-Mar-07,6700.28,,
31-Mar-07,7881.24,,
1-Apr-07,6519.8,,
2-Apr-07,6401.42,,
3-Apr-07,5864.72,,
4-Apr-07,4394.96,,
5-Apr-07,4090.19,,
6-Apr-07,4389.09,,
7-Apr-07,7114.03,,
8-Apr-07,5841.79,,
9-Apr-07,4878.04,,
10-Apr-07,589.82,,
11-Apr-07,109.08,,
12-Apr-07,223.37,,
13-Apr-07,5143.71,,
14-Apr-07,4861.17,,
15-Apr-07,936.06,,
16-Apr-07,4908.21,,
17-Apr-07,5043.26,,
18-Apr-07,5160.44,,
19-Apr-07,5606.26,,
20-Apr-07,6965.64,,
21-Apr-07,6354.1,,
22-Apr-07,7793.17,,
23-Apr-07,7075.2,,
24-Apr-07,6885.67,,
25-Apr-07,7436.39,,
26-Apr-07,6260.05,,
27-Apr-07,4909.83,,
28-Apr-07,7527.9,,
29-Apr-07,8417.22,,
30-Apr-07,8307.87,,
1-May-07,10165.73,,
2-May-07,5619.36,,
3-May-07,2615.68,,
4-May-07,6697.21,,
5-May-07,5615.85,,
6-May-07,110.06,,
7-May-07,5035.32,,
8-May-07,7913.33,,
9-May-07,8082.39,,
10-May-07,7773.01,,
11-May-07,6301.41,,
12-May-07,7313.92,,
13-May-07,5384.28,,
14-May-07,3244.19,,
15-May-07,1164.58,,
16-May-07,741.26,,
17-May-07,8048.66,,
18-May-07,5107.06,,
19-May-07,7976.94,,
20-May-07,6705.95,,
21-May-07,7514.13,,
22-May-07,8281.96,,
23-May-07,9741.47,,
24-May-07,8367.03,,
25-May-07,8852.43,,
26-May-07,7622.95,,
27-May-07,9306.05,,
28-May-07,10286.72,,
29-May-07,10495.15,,
30-May-07,9577.45,,
31-May-07,3277.88,,
1-Jun-07,989.71,,
2-Jun-07,0,,
3-Jun-07,6864.88,,
4-Jun-07,5232.74,,
5-Jun-07,3002.15,,
6-Jun-07,37.06,,
7-Jun-07,939.07,,
8-Jun-07,1149.18,,
9-Jun-07,2505.83,,
10-Jun-07,3268.31,,
11-Jun-07,4154.63,,
12-Jun-07,603.28,,
13-Jun-07,805.38,,
14-Jun-07,1390.33,,
15-Jun-07,403.43,,
16-Jun-07,892.49,,
17-Jun-07,19.35,,
18-Jun-07,0.65,,
19-Jun-07,1208.88,,
20-Jun-07,308.15,,
21-Jun-07,216.13,,
22-Jun-07,762.85,,
23-Jun-07,1026.32,,
24-Jun-07,2881.08,,
25-Jun-07,2973.84,,
26-Jun-07,5559.33,,
27-Jun-07,5460.08,,
28-Jun-07,5086.68,,
29-Jun-07,1218.37,,
30-Jun-07,576.29,,
1-Jul-07,1313.74,,
2-Jul-07,508.23,,
3-Jul-07,463.06,,
4-Jul-07,0,,
5-Jul-07,0,,
6-Jul-07,0,,
7-Jul-07,0,,
8-Jul-07,13.19,,
9-Jul-07,441.18,,
10-Jul-07,443.6,,
11-Jul-07,11.56,,
12-Jul-07,94.08,,
13-Jul-07,0.19,,
14-Jul-07,14.35,,
15-Jul-07,16.72,,
16-Jul-07,98.25,,
17-Jul-07,0,,
18-Jul-07,28.93,,
19-Jul-07,44.54,,
20-Jul-07,56.11,,
21-Jul-07,53.46,,
22-Jul-07,108.64,,
23-Jul-07,91.46,,
24-Jul-07,46.04,,
25-Jul-07,52.72,,
26-Jul-07,16.81,,
27-Jul-07,0,,
28-Jul-07,134.16,,
29-Jul-07,4.96,,
30-Jul-07,18.94,,
31-Jul-07,16.26,,
1-Aug-07,24.66,,
2-Aug-07,11.99,,
3-Aug-07,11.57,,
4-Aug-07,0.34,,
5-Aug-07,81.01,,
6-Aug-07,45.2,,
7-Aug-07,229.89,,
8-Aug-07,177.86,,
9-Aug-07,382.65,,
10-Aug-07,199.4,,
11-Aug-07,521.87,,
12-Aug-07,397.77,,
13-Aug-07,1305,,
14-Aug-07,18.71,,
15-Aug-07,377.47,,
16-Aug-07,744.54,,
17-Aug-07,1147.29,,
18-Aug-07,1608.31,,
19-Aug-07,1042.02,,
20-Aug-07,2326.65,,
21-Aug-07,4316,,
22-Aug-07,2695.47,,
23-Aug-07,4141.02,,
24-Aug-07,224.16,,
25-Aug-07,12.68,,
26-Aug-07,23.97,,
27-Aug-07,1231.25,,
28-Aug-07,1085.94,,
29-Aug-07,150.18,,
30-Aug-07,416.48,,
31-Aug-07,382.25,,
1-Sep-07,684.33,,
2-Sep-07,591.15,,
3-Sep-07,390.33,,
4-Sep-07,336.17,,
5-Sep-07,1074.89,,
6-Sep-07,856.98,,
7-Sep-07,1488.27,,
8-Sep-07,942.41,,
9-Sep-07,4.49,,
10-Sep-07,552.16,,
11-Sep-07,1287.98,,
12-Sep-07,0,,
13-Sep-07,0,,
14-Sep-07,0,,
15-Sep-07,6.02,,
16-Sep-07,12.44,,
17-Sep-07,20.5,,
18-Sep-07,21.03,,
19-Sep-07,33.97,,
20-Sep-07,25.85,,
21-Sep-07,19.32,,
22-Sep-07,0,,
23-Sep-07,0,,
24-Sep-07,0,,
25-Sep-07,0,,
26-Sep-07,0.3,,
27-Sep-07,0.3,,
28-Sep-07,0.3,,
29-Sep-07,4.81,,
30-Sep-07,4.81,,
1-Oct-07,4.81,,
2-Oct-07,0,,
3-Oct-07,0,,
4-Oct-07,0.26,,
5-Oct-07,0,,
6-Oct-07,0,,
7-Oct-07,0.26,,
8-Oct-07,0.26,,
9-Oct-07,0.25,,
10-Oct-07,9.68,,
11-Oct-07,7.04,,
12-Oct-07,21.2,,
13-Oct-07,104.6,,
14-Oct-07,456.6,,
15-Oct-07,1205.56,,
16-Oct-07,2000.08,,
17-Oct-07,2318.55,,
18-Oct-07,2059.9,,
19-Oct-07,23.02,,
20-Oct-07,1.01,,
21-Oct-07,3.34,,
22-Oct-07,9.93,,
23-Oct-07,14.43,,
24-Oct-07,12.87,,
25-Oct-07,6.08,,
26-Oct-07,1.58,,
27-Oct-07,0.36,,
28-Oct-07,0.25,,
29-Oct-07,0.24,,
30-Oct-07,31.58,,
31-Oct-07,31.95,,
1-Nov-07,175.62,,
2-Nov-07,396.64,,
3-Nov-07,674.29,,
4-Nov-07,1224.97,,
5-Nov-07,1880.59,,
6-Nov-07,2912.34,,
7-Nov-07,3739.88,,
8-Nov-07,3868.82,,
9-Nov-07,4635.83,,
10-Nov-07,4032.14,,
11-Nov-07,3200.38,,
12-Nov-07,3080.06,,
13-Nov-07,2762.01,,
14-Nov-07,2499.76,,
15-Nov-07,3537.88,,
16-Nov-07,3588.6,,
17-Nov-07,2637.86,,
18-Nov-07,3048.31,,
19-Nov-07,2321.99,,
20-Nov-07,3528.56,,
21-Nov-07,3570.31,,
22-Nov-07,3424.66,,
23-Nov-07,2316.36,,
24-Nov-07,1208.67,,
25-Nov-07,2431.32,,
26-Nov-07,3637.64,,
27-Nov-07,1728.54,,
28-Nov-07,1453.74,,
29-Nov-07,1384.51,,
30-Nov-07,1200.85,,
1-Dec-07,2089.9,,
2-Dec-07,2335.7,,
3-Dec-07,2134.83,,
4-Dec-07,2306,,
5-Dec-07,2385.67,,
6-Dec-07,2099.17,,
7-Dec-07,1576.87,,
8-Dec-07,1436.21,,
9-Dec-07,2103.11,,
10-Dec-07,2337.51,,
11-Dec-07,2810.6,,
12-Dec-07,2738.65,,
13-Dec-07,606.2,,
14-Dec-07,175.77,,
15-Dec-07,840.82,,
16-Dec-07,0,,
17-Dec-07,944.97,,
18-Dec-07,676.03,,
19-Dec-07,846.27,,
20-Dec-07,703.11,,
21-Dec-07,760.69,,
22-Dec-07,853.12,,
23-Dec-07,800.41,,
24-Dec-07,806.4,,
25-Dec-07,491.07,,
26-Dec-07,594.6,,
27-Dec-07,886.98,,
28-Dec-07,1358.04,,
29-Dec-07,1828.95,,
30-Dec-07,1662.69,,
31-Dec-07,1596.99,,
,,,
,,,
,,,
,,,
,,,
,,,
,,,
,,,
,,,
,,,
,,,
,,,
,,,
,,,
,,,
,,,
,,,
,,,
,,,
,,,
,,,
,,,
,,,
,,,
,,,
,,,
,,,
,,,
,,,
,,,
,,,
,,,
,,,
,,,
,,,
,,,
,,,
,,,
,,,
,,,
,,,
,,,
,,,
,,,
,,,
,,,
,,,
,,,
,,,
,,,
,,,
,,,
,,,
,,,
,,,
,,,
,,,
,,,
,,,
,,,
,,,
,,,
,,,
,,,
,,,
,,,
,,,
,,,
,,,
,,,
,,,
,,,
,,,
,,,
,,,
,,,
,,,
,,,
,,,
,,,
,,,
,,,
,,,
,,,
,,,
,,,
,,,
,,,
,,,
,,,
,,,
,,,
,,,
,,,
,,,
,,,
,,,
,,,
,,,
,,,
,,,
,,,
,,,
,,,
,,,
,,,
,,,
,,,
,,,
,,,
,,,
,,,
,,,
,,,
,,,
,,,
,,,
,,,
,,,
,,,
,,,
,,,
,,,
,,,
,,,
,,,
,,,
,,,
,,,
,,,
,,,
,,,
,,,
,,,
,,,
,,,
,,,
,,,
,,,
,,,
,,,
,,,
,,,
,,,
,,,
,,,
,,,
,,,
,,,
,,,
,,,
,,,
,,,
,,,
,,,
,,,
,,,
,,,
,,,
,,,
,,,
,,,
,,,
,,,
,,,
,,,
,,,
,,,
,,,
,,,
,,,
,,,
,,,
,,,
,,,
,,,
,,,
,,,
,,,
,,,
,,,
,,,
,,,
,,,
,,,
,,,
,,,
,,,
,,,
,,,
,,,
,,,
,,,
,,,
,,,
,,,
,,,
,,,
,,,
,,,
,,,
,,,
,,,
,,,
,,,
,,,
,,,
,,,
,,,
,,,
,,,
,,,
,,,
,,,
,,,
,,,
,,,
,,,
,,,
,,,
,,,
,,,
,,,
,,,
,,,
,,,
,,,
,,,
,,,
,,,
,,,
,,,
,,,
,,,
,,,
,,,
,,,
,,,
,,,
,,,
,,,
,,,
,,,
,,,
,,,
,,,
,,,
,,,
,,,
,,,
,,,
,,,
,,,
,,,
,,,
,,,
,,,
,,,
,,,
,,,
,,,
,,,
,,,
,,,
,,,
,,,
,,,
,,,
,,,
,,,
,,,
,,,
,,,
,,,
,,,
,,,
,,,
,,,
,,,
,,,
,,,
,,,
,,,
,,,
,,,
,,,
,,,
,,,
,,,
,,,
,,,
,,,
,,,
,,,
,,,
,,,
,,,
,,,
,,,
,,,
,,,
,,,
,,,
,,,
,,,
,,,
,,,
,,,
,,,
,,,
,,,
,,,
,,,
,,,
,,,
,,,
,,,
,,,
,,,
,,,
,,,
,,,
,,,
,,,
,,,
,,,
,,,
,,,
,,,
,,,
,,,
,,,
,,,
,,,
,,,
,,,
,,,
,,,
,,,
,,,
,,,
,,,
,,,
,,,
,,,
,,,
,,,
,,,
,,,
,,,
,,,
,,,
,,,
,,,
,,,
,,,
,,,
,,,
,,,
,,,
,,,
,,,
,,,
,,,
,,,
,,,
,,,
,,,
,,,
,,,
,,,
,,,
,,,
,,,
,,,
,,,
,,,
,,,
,,,
,,,
,,,
,,,
,,,
,,,
,,,
,,,
,,,
,,,
,,,
,,,
,,,
,,,
,,,
,,,
,,,
,,,
,,,
,,,
,,,
,,,
,,,
,,,
,,,
,,,
,,,
,,,
,,,
,,,
,,,
,,,
,,,
,,,
,,,
,,,
,,,
,,,
,,,
,,,
,,,
,,,
,,,
,,,
,,,
,,,
,,,
,,,
,,,
,,,
,,,
,,,
,,,
,,,
,,,
,,,
,,,
,,,
,,,
,,,
,,,
,,,
,,,
,,,
,,,
,,,
,,,
,,,
,,,
,,,
,,,
,,,
,,,
,,,
,,,
,,,
,,,
,,,
,,,
,,,
,,,
,,,
,,,
,,,
,,,
,,,
,,,
,,,
,,,
,,,
,,,
,,,
,,,
,,,
,,,
,,,
,,,
,,,
,,,
,,,
,,,
,,,
,,,
,,,
,,,
,,,
,,,
,,,
,,,
,,,
,,,
,,,
,,,
,,,
,,,
,,,
,,,
,,,
,,,
,,,
,,,
,,,
,,,
,,,
,,,
,,,
,,,
,,,
,,,
,,,
,,,
,,,
,,,
,,,
,,,
,,,
,,,
,,,
,,,
,,,
,,,
,,,
,,,
,,,
,,,
,,,
,,,
,,,
,,,
,,,
,,,
,,,
,,,
,,,
,,,
,,,
,,,
,,,
,,,
,,,
,,,
,,,
,,,
,,,
,,,
,,,
,,,
,,,
,,,
,,,
,,,
,,,
,,,
,,,
,,,
,,,
,,,
,,,
,,,
,,,
,,,
,,,
,,,
,,,
,,,
,,,
,,,
,,,
,,,
,,,
,,,
,,,
,,,
,,,
,,,
,,,
,,,
,,,
,,,
,,,
,,,
,,,
,,,
,,,
,,,
,,,
,,,
,,,
,,,
,,,
,,,
,,,
,,,
,,,
,,,
,,,
,,,
,,,
,,,
,,,
,,,
,,,
,,,
,,,
,,,
,,,
,,,
,,,
,,,
,,,
,,,
,,,
,,,
,,,
,,,
,,,
,,,
,,,
,,,
,,,
,,,
,,,
,,,
,,,
,,,
,,,
,,,
,,,
,,,
,,,
,,,
,,,
,,,
,,,
,,,
,,,
,,,
,,,
,,,
,,,
,,,
,,,
,,,
,,,
,,,
,,,
,,,
,,,
,,,
,,,
,,,
,,,
,,,
,,,
,,,
,,,
,,,
,,,
,,,
,,,
,,,
,,,
,,,
,,,
,,,
,,,
,,,
,,,
,,,
,,,
,,,
,,,
,,,
,,,
,,,
,,,
,,,
,,,
,,,
,,,
,,,
,,,
,,,
,,,
,,,
,,,
,,,
,,,
,,,
,,,
,,,
,,,
,,,
,,,
,,,
,,,
,,,
,,,
,,,
,,,
,,,
,,,
,,,
,,,
,,,
,,,
,,,
,,,
,,,
,,,
,,,
,,,
,,,
,,,
,,,
,,,
,,,
,,,
,,,
,,,
,,,
,,,
,,,
,,,
,,,
,,,
,,,
,,,
,,,
,,,
,,,
,,,
,,,
,,,
,,,
,,,
,,,
,,,
,,,
,,,
,,,
,,,
,,,
,,,
,,,
,,,
,,,
,,,
,,,
,,,
,,,
,,,
,,,
,,,
,,,
,,,
,,,
,,,
,,,
,,,
,,,
,,,
,,,
,,,
,,,
,,,
,,,
,,,
,,,
,,,
,,,
,,,
,,,
,,,
,,,
,,,
,,,
,,,
,,,
,,,
,,,
,,,
,,,
,,,
,,,
,,,
,,,
,,,
,,,
,,,
,,,
,,,
,,,
,,,
,,,
,,,
,,,
,,,
,,,
,,,
,,,
,,,
,,,
,,,
,,,
,,,
,,,
,,,
,,,
,,,
,,,
,,,
,,,
,,,
,,,
,,,
,,,
,,,
,,,
,,,
,,,
,,,
,,,
,,,
,,,
,,,
,,,
,,,
,,,
,,,
,,,
,,,
,,,
,,,
,,,
,,,
,,,
,,,
,,,
,,,
,,,
,,,
,,,
,,,
,,,
,,,
,,,
,,,
,,,
,,,
,,,
,,,
,,,
,,,
,,,
,,,
,,,
,,,
,,,
,,,
,,,
,,,
,,,
,,,
,,,
,,,
,,,
,,,
,,,
,,,
,,,
,,,
,,,
,,,
,,,
,,,
,,,
,,,
,,,
,,,
,,,
,,,
,,,
,,,
,,,
,,,
,,,
,,,
,,,
,,,
,,,
,,,
,,,
,,,
,,,
,,,
,,,
,,,
,,,
,,,
,,,
,,,
,,,
,,,
,,,
,,,
,,,
,,,
,,,
,,,
,,,
,,,
,,,
,,,
,,,
,,,
,,,
,,,
,,,
,,,
,,,
,,,
,,,
,,,
,,,
,,,
,,,
,,,
,,,
,,,
,,,
,,,
,,,
,,,
,,,
,,,
,,,
,,,
,,,
,,,
,,,
,,,
,,,
,,,
,,,
,,,
,,,
,,,
,,,
,,,
,,,
,,,
,,,
,,,
,,,
,,,
,,,
,,,
,,,
,,,
,,,
,,,
,,,
,,,
,,,
,,,
,,,
,,,
,,,
,,,
,,,
,,,
,,,
,,,
,,,
,,,
,,,
,,,
,,,
,,,
,,,
,,,
,,,
,,,
,,,
,,,
,,,
,,,
,,,
,,,
,,,
,,,
,,,
,,,
,,,
,,,
,,,
,,,
,,,
,,,
,,,
,,,
,,,
,,,
,,,
,,,
,,,
,,,
,,,
,,,
,,,
,,,
,,,
,,,
,,,
,,,
,,,
,,,
,,,
,,,
,,,
,,,
,,,
,,,
,,,
,,,
,,,
,,,
,,,
,,,
,,,
,,,
,,,
,,,
,,,
,,,
,,,
,,,
,,,
,,,
,,,
,,,
,,,
,,,
,,,
,,,
,,,
,,,
,,,
,,,
,,,
,,,
,,,
,,,
,,,
,,,
,,,
,,,
,,,
,,,
,,,
,,,
,,,
,,,
,,,
,,,
,,,
,,,
,,,
,,,
,,,
,,,
,,,
,,,
,,,
,,,
,,,
,,,
,,,
,,,
,,,
,,,
,,,
,,,
,,,
,,,
,,,
,,,
,,,
,,,
,,,
,,,
,,,
,,,
,,,
,,,
,,,
,,,
,,,
,,,
,,,
,,,
,,,
,,,
,,,
,,,
,,,
,,,
,,,
,,,
,,,
,,,
,,,
,,,
,,,
,,,
,,,
,,,
,,,
,,,
,,,
,,,
,,,
,,,
,,,
,,,
,,,
,,,
,,,
,,,
,,,
,,,
,,,
,,,
,,,
,,,
,,,
,,,
,,,
,,,
,,,
,,,
,,,
,,,
,,,
,,,
,,,
,,,
,,,
,,,
,,,
,,,
,,,
,,,
,,,
,,,
,,,
,,,
,,,
,,,
,,,
,,,
,,,
,,,
,,,
,,,
,,,
,,,
,,,
,,,
,,,
,,,
,,,
,,,
,,,
,,,
,,,
,,,
,,,
,,,
,,,
,,,
,,,
,,,
,,,
,,,
,,,
,,,
,,,
,,,
,,,
,,,
,,,
,,,
,,,
,,,
,,,
,,,
,,,
,,,
,,,
,,,
,,,
,,,
,,,
,,,
,,,
,,,
,,,
,,,
,,,
,,,
,,,
,,,
,,,
,,,
,,,
,,,
,,,
,,,
,,,
,,,
,,,
,,,
,,,
,,,
,,,
,,,
,,,
,,,
,,,
,,,
,,,
,,,
,,,
,,,
,,,
,,,
,,,
,,,
,,,
,,,
,,,
,,,
,,,
,,,
,,,
,,,
,,,
,,,
,,,
,,,
,,,
,,,
,,,
,,,
,,,
,,,
,,,
,,,
,,,
,,,
,,,
,,,
,,,
,,,
,,,
,,,
,,,
,,,
,,,
,,,
,,,
,,,
,,,
,,,
,,,
,,,
,,,
,,,
,,,
,,,
,,,
,,,
,,,
,,,
,,,
,,,
,,,
,,,
,,,
,,,
,,,
,,,
,,,
,,,
,,,
,,,
,,,
,,,
,,,
,,,
,,,
,,,
,,,
,,,
,,,
,,,
,,,
,,,
,,,
,,,
,,,
,,,
,,,
,,,
,,,
,,,
,,,
,,,
,,,
,,,
,,,
,,,
,,,
,,,
,,,
,,,
,,,
,,,
,,,
,,,
,,,
,,,
,,,
,,,
,,,
,,,
,,,
,,,
,,,
,,,
,,,
,,,
,,,
,,,
,,,
,,,
,,,
,,,
,,,
,,,
,,,
,,,
,,,
,,,
,,,
,,,
,,,
,,,
,,,
,,,
,,,
,,,
,,,
,,,
,,,
,,,
,,,
,,,
,,,
,,,
,,,
,,,
,,,
,,,
,,,
,,,
,,,
,,,
,,,
,,,
,,,
,,,
,,,
,,,
,,,
,,,
,,,
,,,
,,,
,,,
,,,
,,,
,,,
,,,
,,,
,,,
,,,
,,,
,,,
,,,
,,,
,,,
,,,
,,,
,,,
,,,
,,,
,,,
,,,
,,,
,,,
,,,
,,,
,,,
,,,
,,,
,,,
,,,
,,,
,,,
,,,
,,,
,,,
,,,
,,,
,,,
,,,
,,,
,,,
,,,
,,,
,,,
,,,
,,,
,,,
,,,
,,,
,,,
,,,
,,,
,,,
,,,
,,,
,,,
,,,
,,,
,,,
,,,
,,,
,,,
,,,
,,,
,,,
,,,
,,,
,,,
,,,
,,,
,,,
,,,
,,,
,,,
,,,
,,,
,,,
,,,
,,,
,,,
,,,
,,,
,,,
,,,
,,,
,,,
,,,
,,,
,,,
,,,
,,,
,,,
,,,
,,,
,,,
,,,
,,,
,,,
,,,
,,,
,,,
,,,
,,,
,,,
,,,
,,,
,,,
,,,
,,,
,,,
,,,
,,,
,,,
,,,
,,,
,,,
,,,
,,,
,,,
,,,
,,,
,,,
,,,
,,,
,,,
,,,
,,,
,,,
,,,
,,,
,,,
,,,
,,,
,,,
,,,
,,,
,,,
,,,
,,,
,,,
,,,
,,,
,,,
,,,
,,,
,,,
,,,
,,,
,,,
,,,
,,,
,,,
,,,
,,,
,,,
,,,
,,,
,,,
,,,
,,,
,,,
,,,
,,,
,,,
,,,
,,,
,,,
,,,
,,,
,,,
,,,
,,,
,,,
,,,
,,,
,,,
,,,
,,,
,,,
,,,
,,,
,,,
,,,
,,,
,,,
,,,
,,,
,,,
,,,
,,,
,,,
,,,
,,,
,,,
,,,
,,,
,,,
,,,
,,,
,,,
,,,
,,,
,,,
,,,
,,,
,,,
,,,
,,,
,,,
,,,
,,,
,,,
,,,
,,,
,,,
,,,
,,,
,,,
,,,
,,,
,,,
,,,
,,,
,,,
,,,
,,,
,,,
,,,
,,,
,,,
,,,
,,,
,,,
,,,
,,,
,,,
,,,
,,,
,,,
,,,
,,,
,,,
,,,
,,,
,,,
,,,
,,,
,,,
,,,
,,,
,,,
,,,
,,,
,,,
,,,
,,,
,,,
,,,
,,,
,,,
,,,
,,,
,,,
,,,
,,,
,,,
,,,
,,,
,,,
,,,
,,,
,,,
,,,
,,,
,,,
,,,
,,,
,,,
,,,
,,,
,,,
,,,
,,,
,,,
,,,
,,,
,,,
,,,
,,,
,,,
,,,
,,,
,,,
,,,
,,,
,,,
,,,
,,,
,,,
,,,
,,,
,,,
,,,
,,,
,,,
,,,
,,,
,,,
,,,
,,,
,,,
,,,
,,,
,,,
,,,
,,,
,,,
,,,
,,,
,,,
,,,
,,,
,,,
,,,
,,,
,,,
,,,
,,,
,,,
,,,
,,,
,,,
,,,
,,,
,,,
,,,
,,,
,,,
,,,
,,,
,,,
,,,
,,,
,,,
,,,
,,,
,,,
,,,
,,,
,,,
,,,
,,,
,,,
,,,
,,,
,,,
,,,
,,,
,,,
,,,
,,,
,,,
,,,
,,,
,,,
,,,
,,,
,,,
,,,
,,,
,,,
,,,
,,,
,,,
,,,
,,,
,,,
,,,
,,,
,,,
,,,
,,,
,,,
,,,
,,,
,,,
,,,
,,,
,,,
,,,
,,,
,,,
,,,
,,,
,,,
,,,
,,,
,,,
,,,
,,,
,,,
,,,
,,,
,,,
,,,
,,,
,,,
,,,
,,,
,,,
,,,
,,,
,,,
,,,
,,,
,,,
,,,
,,,
,,,
,,,
,,,
,,,
,,,
,,,
,,,
,,,
,,,
,,,
,,,
,,,
,,,
,,,
,,,
,,,
,,,
,,,
,,,
,,,
,,,
,,,
,,,
,,,
,,,
,,,
,,,
,,,
,,,
,,,
,,,
,,,
,,,
,,,
,,,
,,,
,,,
,,,
,,,
,,,
,,,
,,,
,,,
,,,
,,,
,,,
,,,
,,,
,,,
,,,
,,,
,,,
,,,
,,,
,,,
,,,
,,,
,,,
,,,
,,,
,,,
,,,
,,,
,,,
,,,
,,,
,,,
,,,
,,,
,,,
,,,
,,,
,,,
,,,
,,,
,,,
,,,
,,,
,,,
,,,
,,,
,,,
,,,
,,,
,,,
,,,
,,,
,,,
,,,
,,,
,,,
,,,
,,,
,,,
,,,
,,,
,,,
,,,
,,,
,,,
,,,
,,,
,,,
,,,
,,,
,,,
,,,
,,,
,,,
,,,
,,,
,,,
,,,
,,,
,,,
,,,
,,,
,,,
,,,
,,,
,,,
,,,
,,,
,,,
,,,
,,,
,,,
,,,
,,,
,,,
,,,
,,,
,,,
,,,
,,,
,,,
,,,
,,,
,,,
,,,
,,,
,,,
,,,
,,,
,,,
,,,
,,,
,,,
,,,
,,,
,,,
,,,
,,,
,,,
,,,
,,,
,,,
,,,
,,,
,,,
,,,
,,,
,,,
,,,
,,,
,,,
,,,
,,,
,,,
,,,
,,,
,,,
,,,
,,,
,,,
,,,
,,,
,,,
,,,
,,,
,,,
,,,
,,,
,,,
,,,
,,,
,,,
,,,
,,,
,,,
,,,
,,,
,,,
,,,
,,,
,,,
,,,
,,,
,,,
,,,
,,,
,,,
,,,
,,,
,,,
,,,
,,,
,,,
,,,
,,,
,,,
,,,
,,,
,,,
,,,
,,,
,,,
,,,
,,,
,,,
,,,
,,,
,,,
,,,
,,,
,,,
,,,
,,,
,,,
,,,
,,,
,,,
,,,
,,,
,,,
,,,
,,,
,,,
,,,
,,,
,,,
,,,
,,,
,,,
,,,
,,,
,,,
,,,
,,,
,,,
,,,
,,,
,,,
,,,
,,,
,,,
,,,
,,,
,,,
,,,
,,,
,,,
,,,
,,,
,,,
,,,
,,,
,,,
,,,
,,,
,,,
,,,
,,,
,,,
,,,
,,,
,,,
,,,
,,,
,,,
,,,
,,,
,,,
,,,
,,,
,,,
,,,
,,,
,,,
,,,
,,,
,,,
,,,
,,,
,,,
,,,
,,,
,,,
,,,
,,,
,,,
,,,
,,,
,,,
,,,
,,,
,,,
,,,
,,,
,,,
,,,
,,,
,,,
,,,
,,,
,,,
,,,
,,,
,,,
,,,
,,,
,,,
,,,
,,,
,,,
,,,
,,,
,,,
,,,
,,,
,,,
,,,
,,,
,,,
,,,
,,,
,,,
,,,
,,,
,,,
,,,
,,,
,,,
,,,
,,,
,,,
,,,
,,,
,,,
,,,
,,,
,,,
,,,
,,,
,,,
,,,
,,,
,,,
,,,
,,,
,,,
,,,
,,,
,,,
,,,
,,,
,,,
,,,
,,,
,,,
,,,
,,,
,,,
,,,
,,,
,,,
,,,
,,,
,,,
,,,
,,,
,,,
,,,
,,,
,,,
,,,
,,,
,,,
,,,
,,,
,,,
,,,
,,,
,,,
,,,
,,,
,,,
,,,
,,,
,,,
,,,
,,,
,,,
,,,
,,,
,,,
,,,
,,,
,,,
,,,
,,,
,,,
,,,
,,,
,,,
,,,
,,,
,,,
,,,
,,,
,,,
,,,
,,,
,,,
,,,
,,,
,,,
,,,
,,,
,,,
,,,
,,,
,,,
,,,
,,,
,,,
,,,
,,,
,,,
,,,
,,,
,,,
,,,
,,,
,,,
,,,
,,,
,,,
,,,
,,,
,,,
,,,
,,,
,,,
,,,
,,,
,,,
,,,
,,,
,,,
,,,
,,,
,,,
,,,
,,,
,,,
,,,
,,,
,,,
,,,
,,,
,,,
,,,
,,,
,,,
,,,
,,,
,,,
,,,
,,,
,,,
,,,
,,,
,,,
,,,
,,,
,,,
,,,
,,,
,,,
,,,
,,,
,,,
,,,
,,,
,,,
,,,
,,,
,,,
,,,
,,,
,,,
,,,
,,,
,,,
,,,
,,,
,,,
,,,
,,,
,,,
,,,
,,,
,,,
,,,
,,,
,,,
,,,
,,,
,,,
,,,
,,,
,,,
,,,
,,,
,,,
,,,
,,,
,,,
,,,
,,,
,,,
,,,
,,,
,,,
,,,
,,,
,,,
,,,
,,,
,,,
,,,
,,,
,,,
,,,
,,,
,,,
,,,
,,,
,,,
,,,
,,,
,,,
,,,
,,,
,,,
,,,
,,,
,,,
,,,
,,,
,,,
,,,
,,,
,,,
,,,
,,,
,,,
,,,
,,,
,,,
,,,
,,,
,,,
,,,
,,,
,,,
,,,
,,,
,,,
,,,
,,,
,,,
,,,
,,,
,,,
,,,
,,,
,,,
,,,
,,,
,,,
,,,
,,,
,,,
,,,
,,,
,,,
,,,
,,,
,,,
,,,
,,,
,,,
,,,
,,,
,,,
,,,
,,,
,,,
,,,
,,,
,,,
,,,
,,,
,,,
,,,
,,,
,,,
,,,
,,,
,,,
,,,
,,,
,,,
,,,
,,,
,,,
,,,
,,,
,,,
,,,
,,,
,,,
,,,
,,,
,,,
,,,
,,,
,,,
,,,
,,,
,,,
,,,
,,,
,,,
,,,
,,,
,,,
,,,
,,,
,,,
,,,
,,,
,,,
,,,
,,,
,,,
,,,
,,,
,,,
,,,
,,,
,,,
,,,
,,,
,,,
,,,
,,,
,,,
,,,
,,,
,,,
,,,
,,,
,,,
,,,
,,,
,,,
,,,
,,,
,,,
,,,
,,,
,,,
,,,
,,,
,,,
,,,
,,,
,,,
,,,
,,,
,,,
,,,
,,,
,,,
,,,
,,,
,,,
,,,
,,,
,,,
,,,
,,,
,,,
,,,
,,,
,,,
,,,
,,,
,,,
,,,
,,,
,,,
,,,
,,,
,,,
,,,
,,,
,,,
,,,
,,,
,,,
,,,
,,,
,,,
,,,
,,,
,,,
,,,
,,,
,,,
,,,
,,,
,,,
,,,
,,,
,,,
,,,
,,,
,,,
,,,
,,,
,,,
,,,
,,,
,,,
,,,
,,,
,,,
,,,
,,,
,,,
,,,
,,,
,,,
,,,
,,,
,,,
,,,
,,,
,,,
,,,
,,,
,,,
,,,
,,,
,,,
,,,
,,,
,,,
,,,
,,,
,,,
,,,
,,,
,,,
,,,
,,,
,,,
,,,
,,,
,,,
,,,
,,,
,,,
,,,
,,,
,,,
,,,
,,,
,,,
,,,
,,,
,,,
,,,
,,,
,,,
,,,
,,,
,,,
,,,
,,,
,,,
,,,
,,,
,,,
,,,
,,,
,,,
,,,
,,,
,,,
,,,
,,,
,,,
,,,
,,,
,,,
,,,
,,,
,,,
,,,
,,,
,,,
,,,
,,,
,,,
,,,
,,,
,,,
,,,
,,,
,,,
,,,
,,,
,,,
,,,
,,,
,,,
,,,
,,,
,,,
,,,
,,,
,,,
,,,
,,,
,,,
,,,
,,,
,,,
,,,
,,,
,,,
,,,
,,,
,,,
,,,
,,,
,,,
,,,
,,,
,,,
,,,
,,,
,,,
,,,
,,,
,,,
,,,
,,,
,,,
,,,
,,,
,,,
,,,
,,,
,,,
,,,
,,,
,,,
,,,
,,,
,,,
,,,
,,,
,,,
,,,
,,,
,,,
,,,
,,,
,,,
,,,
,,,
,,,
,,,
,,,
,,,
,,,
,,,
,,,
,,,
,,,
,,,
,,,
,,,
,,,
,,,
,,,
,,,
,,,
,,,
,,,
,,,
,,,
,,,
,,,
,,,
,,,
,,,
,,,
,,,
,,,
,,,
,,,
,,,
,,,
,,,
,,,
,,,
,,,
,,,
,,,
,,,
,,,
,,,
,,,
,,,
,,,
,,,
,,,
,,,
,,,
,,,
,,,
,,,
,,,
,,,
,,,
,,,
,,,
,,,
,,,
,,,
,,,
,,,
,,,
,,,
,,,
,,,
,,,
,,,
,,,
,,,
,,,
,,,
,,,
,,,
,,,
,,,
,,,
,,,
,,,
,,,
,,,
,,,
,,,
,,,
,,,
,,,
,,,
,,,
,,,
,,,
,,,
,,,
,,,
,,,
,,,
,,,
,,,
,,,
,,,
,,,
,,,
,,,
,,,
,,,
,,,
,,,
,,,
,,,
,,,
,,,
,,,
,,,
,,,
,,,
,,,
,,,
,,,
,,,
,,,
,,,
,,,
,,,
,,,
,,,
,,,
,,,
,,,
,,,
,,,
,,,
,,,
,,,
,,,
,,,
,,,
,,,
,,,
,,,
,,,
,,,
,,,
,,,
,,,
,,,
,,,
,,,
,,,
,,,
,,,
,,,
,,,
,,,
,,,
,,,
,,,
,,,
,,,
,,,
,,,
,,,
,,,
,,,
,,,
,,,
,,,
,,,
,,,
,,,
,,,
,,,
,,,
,,,
,,,
,,,
,,,
,,,
,,,
,,,
,,,
,,,
,,,
,,,
,,,
,,,
,,,
,,,
,,,
,,,
,,,
,,,
,,,
,,,
,,,
,,,
,,,
,,,
,,,
,,,
,,,
,,,
,,,
,,,
,,,
,,,
,,,
,,,
,,,
,,,
,,,
,,,
,,,
,,,
,,,
,,,
,,,
,,,
,,,
,,,
,,,
,,,
,,,
,,,
,,,
,,,
,,,
,,,
,,,
,,,
,,,
,,,
,,,
,,,
,,,
,,,
,,,
,,,
,,,
,,,
,,,
,,,
,,,
,,,
,,,
,,,
,,,
,,,
,,,
,,,
,,,
,,,
,,,
,,,
,,,
,,,
,,,
,,,
,,,
,,,
,,,
,,,
,,,
,,,
,,,
,,,
,,,
,,,
,,,
,,,
,,,
,,,
,,,
,,,
,,,
,,,
,,,
,,,
,,,
,,,
,,,
,,,
,,,
,,,
,,,
,,,
,,,
,,,
,,,
,,,
,,,
,,,
,,,
,,,
,,,
,,,
,,,
,,,
,,,
,,,
,,,
,,,
,,,
,,,
,,,
,,,
,,,
,,,
,,,
,,,
,,,
,,,
,,,
,,,
,,,
,,,
,,,
,,,
,,,
,,,
,,,
,,,
,,,
,,,
,,,
,,,
,,,
,,,
,,,
,,,
,,,
,,,
,,,
,,,
,,,
,,,
,,,
,,,
,,,
,,,
,,,
,,,
,,,
,,,
,,,
,,,
,,,
,,,
,,,
,,,
,,,
,,,
,,,
,,,
,,,
,,,
,,,
,,,
,,,
,,,
,,,
,,,
,,,
,,,
,,,
,,,
,,,
,,,
,,,
,,,
,,,
,,,
,,,
,,,
,,,
,,,
,,,
,,,
,,,
,,,
,,,
,,,
,,,
,,,
,,,
,,,
,,,
,,,
,,,
,,,
,,,
,,,
,,,
,,,
,,,
,,,
,,,
,,,
,,,
,,,
,,,
,,,
,,,
,,,
,,,
,,,
,,,
,,,
,,,
,,,
,,,
,,,
,,,
,,,
,,,
,,,
,,,
,,,
,,,
,,,
,,,
,,,
,,,
,,,
,,,
,,,
,,,
,,,
,,,
,,,
,,,
,,,
,,,
,,,
,,,
,,,
,,,
,,,
,,,
,,,
,,,
,,,
,,,
,,,
,,,
,,,
,,,
,,,
,,,
,,,
,,,
,,,
,,,
,,,
,,,
,,,
,,,
,,,
,,,
,,,
,,,
,,,
,,,
,,,
,,,
,,,
,,,
,,,
,,,
,,,
,,,
,,,
,,,
,,,
,,,
,,,
,,,
,,,
,,,
,,,
,,,
,,,
,,,
,,,
,,,
,,,
,,,
,,,
,,,
,,,
,,,
,,,
,,,
,,,
,,,
,,,
,,,
,,,
,,,
,,,
,,,
,,,
,,,
,,,
,,,
,,,
,,,
,,,
,,,
,,,
,,,
,,,
,,,
,,,
,,,
,,,
,,,
,,,
,,,
,,,
,,,
,,,
,,,
,,,
,,,
,,,
,,,
,,,
,,,
,,,
,,,
,,,
,,,
,,,
,,,
,,,
,,,
,,,
,,,
,,,
,,,
,,,
,,,
,,,
,,,
,,,
,,,
,,,
,,,
,,,
,,,
,,,
,,,
,,,
,,,
,,,
,,,
,,,
,,,
,,,
,,,
,,,
,,,
,,,
,,,
,,,
,,,
,,,
,,,
,,,
,,,
,,,
,,,
,,,
,,,
,,,
,,,
,,,
,,,
,,,
,,,
,,,
,,,
,,,
,,,
,,,
,,,
,,,
,,,
,,,
,,,
,,,
,,,
,,,
,,,
,,,
,,,
,,,
,,,
,,,
,,,
,,,
,,,
,,,
,,,
,,,
,,,
,,,
,,,
,,,
,,,
,,,
,,,
,,,
,,,
,,,
,,,
,,,
,,,
,,,
,,,
,,,
,,,
,,,
,,,
,,,
,,,
,,,
,,,
,,,
,,,
,,,
,,,
,,,
,,,
,,,
,,,
,,,
,,,
,,,
,,,
,,,
,,,
,,,
,,,
,,,
,,,
,,,
,,,
,,,
,,,
,,,
,,,
,,,
,,,
,,,
,,,
,,,
,,,
,,,
,,,
,,,
,,,
,,,
,,,
,,,
,,,
,,,
,,,
,,,
,,,
,,,
,,,
,,,
,,,
,,,
,,,
,,,
,,,
,,,
,,,
,,,
,,,
,,,
,,,
,,,
,,,
,,,
,,,
,,,
,,,
,,,
,,,
,,,
,,,
,,,
,,,
,,,
,,,
,,,
,,,
,,,
,,,
,,,
,,,
,,,
,,,
,,,
,,,
,,,
,,,
,,,
,,,
,,,
,,,
,,,
,,,
,,,
,,,
,,,
,,,
,,,
,,,
,,,
,,,
,,,
,,,
,,,
,,,
,,,
,,,
,,,
,,,
,,,
,,,
,,,
,,,
,,,
,,,
,,,
,,,
,,,
,,,
,,,
,,,
,,,
,,,
,,,
,,,
,,,
,,,
,,,
,,,
,,,
,,,
,,,
,,,
,,,
,,,
,,,
,,,
,,,
,,,
,,,
,,,
,,,
,,,
,,,
,,,
,,,
,,,
,,,
,,,
,,,
,,,
,,,
,,,
,,,
,,,
,,,
,,,
,,,
,,,
,,,
,,,
,,,
,,,
,,,
,,,
,,,
,,,
,,,
,,,
,,,
,,,
,,,
,,,
,,,
,,,
,,,
,,,
,,,
,,,
,,,
,,,
,,,
,,,
,,,
,,,
,,,
,,,
,,,
,,,
,,,
,,,
,,,
,,,
,,,
,,,
,,,
,,,
,,,
,,,
,,,
,,,
,,,
,,,
,,,
,,,
,,,
,,,
,,,
,,,
,,,
,,,
,,,
,,,
,,,
,,,
,,,
,,,
,,,
,,,
,,,
,,,
,,,
,,,
,,,
,,,
,,,
,,,
,,,
,,,
,,,
,,,
,,,
,,,
,,,
,,,
,,,
,,,
,,,
,,,
,,,
,,,
,,,
,,,
,,,
,,,
,,,
,,,
,,,
,,,
,,,
,,,
,,,
,,,
,,,
,,,
,,,
,,,
,,,
,,,
,,,
,,,
,,,
,,,
,,,
,,,
,,,
,,,
,,,
,,,
,,,
,,,
,,,
,,,
,,,
,,,
,,,
,,,
,,,
,,,
,,,
,,,
,,,
,,,
,,,
,,,
,,,
,,,
,,,
,,,
,,,
,,,
,,,
,,,
,,,
,,,
,,,
,,,
,,,
,,,
,,,
,,,
,,,
,,,
,,,
,,,
,,,
,,,
,,,
,,,
,,,
,,,
,,,
,,,
,,,
,,,
,,,
,,,
,,,
,,,
,,,
,,,
,,,
,,,
,,,
,,,
,,,
,,,
,,,
,,,
,,,
,,,
,,,
,,,
,,,
,,,
,,,
,,,
,,,
,,,
,,,
,,,
,,,
,,,
,,,
,,,
,,,
,,,
,,,
,,,
,,,
,,,
,,,
,,,
,,,
,,,
,,,
,,,
,,,
,,,
,,,
,,,
,,,
,,,
,,,
,,,
,,,
,,,
,,,
,,,
,,,
,,,
,,,
,,,
,,,
,,,
,,,
,,,
,,,
,,,
,,,
,,,
,,,
,,,
,,,
,,,
,,,
,,,
,,,
,,,
,,,
,,,
,,,
,,,
,,,
,,,
,,,
,,,
,,,
,,,
,,,
,,,
,,,
,,,
,,,
,,,
,,,
,,,
,,,
,,,
,,,
,,,
,,,
,,,
,,,
,,,
,,,
,,,
,,,
,,,
,,,
,,,
,,,
,,,
,,,
,,,
,,,
,,,
,,,
,,,
,,,
,,,
,,,
,,,
,,,
,,,
,,,
,,,
,,,
,,,
,,,
,,,
,,,
,,,
,,,
,,,
,,,
,,,
,,,
,,,
,,,
,,,
,,,
,,,
,,,
,,,
,,,
,,,
,,,
,,,
,,,
,,,
,,,
,,,
,,,
,,,
,,,
,,,
,,,
,,,
,,,
,,,
,,,
,,,
,,,
,,,
,,,
,,,
,,,
,,,
,,,
,,,
,,,
,,,
,,,
,,,
,,,
,,,
,,,
,,,
,,,
,,,
,,,
,,,
,,,
,,,
,,,
,,,
,,,
,,,
,,,
,,,
,,,
,,,
,,,
,,,
,,,
,,,
,,,
,,,
,,,
,,,
,,,
,,,
,,,
,,,
,,,
,,,
,,,
,,,
,,,
,,,
,,,
,,,
,,,
,,,
,,,
,,,
,,,
,,,
,,,
,,,
,,,
,,,
,,,
,,,
,,,
,,,
,,,
,,,
,,,
,,,
,,,
,,,
,,,
,,,
,,,
,,,
,,,
,,,
,,,
,,,
,,,
,,,
,,,
,,,
,,,
,,,
,,,
,,,
,,,
,,,
,,,
,,,
,,,
,,,
,,,
,,,
,,,
,,,
,,,
,,,
,,,
,,,
,,,
,,,
,,,
,,,
,,,
,,,
,,,
,,,
,,,
,,,
,,,
,,,
,,,
,,,
,,,
,,,
,,,
,,,
,,,
,,,
,,,
,,,
,,,
,,,
,,,
,,,
,,,
,,,
,,,
,,,
,,,
,,,
,,,
,,,
,,,
,,,
,,,
,,,
,,,
,,,
,,,
,,,
,,,
,,,
,,,
,,,
,,,
,,,
,,,
,,,
,,,
,,,
,,,
,,,
,,,
,,,
,,,
,,,
,,,
,,,
,,,
,,,
,,,
,,,
,,,
,,,
,,,
,,,
,,,
,,,
,,,
,,,
,,,
,,,
,,,
,,,
,,,
,,,
,,,
,,,
,,,
,,,
,,,
,,,
,,,
,,,
,,,
,,,
,,,
,,,
,,,
,,,
,,,
,,,
,,,
,,,
,,,
,,,
,,,
,,,
,,,
,,,
,,,
,,,
,,,
,,,
,,,
,,,
,,,
,,,
,,,
,,,
,,,
,,,
,,,
,,,
,,,
,,,
,,,
,,,
,,,
,,,
,,,
,,,
,,,
,,,
,,,
,,,
,,,
,,,
,,,
,,,
,,,
,,,
,,,
,,,
,,,
,,,
,,,
,,,
,,,
,,,
,,,
,,,
,,,
,,,
,,,
,,,
,,,
,,,
,,,
,,,
,,,
,,,
,,,
,,,
,,,
,,,
,,,
,,,
,,,
,,,
,,,
,,,
,,,
,,,
,,,
,,,
,,,
,,,
,,,
,,,
,,,
,,,
,,,
,,,
,,,
,,,
,,,
,,,
,,,
,,,
,,,
,,,
,,,
,,,
,,,
,,,
,,,
,,,
,,,
,,,
,,,
,,,
,,,
,,,
,,,
,,,
,,,
,,,
,,,
,,,
,,,
,,,
,,,
,,,
,,,
,,,
,,,
,,,
,,,
,,,
,,,
,,,
,,,
,,,
,,,
,,,
,,,
,,,
,,,
,,,
,,,
,,,
,,,
,,,
,,,
,,,
,,,
,,,
,,,
,,,
,,,
,,,
,,,
,,,
,,,
,,,
,,,
,,,
,,,
,,,
,,,
,,,
,,,
,,,
,,,
,,,
,,,
,,,
,,,
,,,
,,,
,,,
,,,
,,,
,,,
,,,
,,,
,,,
,,,
,,,
,,,
,,,
,,,
,,,
,,,
,,,
,,,
,,,
,,,
,,,
,,,
,,,
,,,
,,,
,,,
,,,
,,,
,,,
,,,
,,,
,,,
,,,
,,,
,,,
,,,
,,,
,,,
,,,
,,,
,,,
,,,
,,,
,,,
,,,
,,,
,,,
,,,
,,,
,,,
,,,
,,,
,,,
,,,
,,,
,,,
,,,
,,,
,,,
,,,
,,,
,,,
,,,
,,,
,,,
,,,
,,,
,,,
,,,
,,,
,,,
,,,
,,,
,,,
,,,
,,,
,,,
,,,
,,,
,,,
,,,
,,,
,,,
,,,
,,,
,,,
,,,
,,,
,,,
,,,
,,,
,,,
,,,
,,,
,,,
,,,
,,,
,,,
,,,
,,,
,,,
,,,
,,,
,,,
,,,
,,,
,,,
,,,
,,,
,,,
,,,
,,,
,,,
,,,
,,,
,,,
,,,
,,,
,,,
,,,
,,,
,,,
,,,
,,,
,,,
,,,
,,,
,,,
,,,
,,,
,,,
,,,
,,,
,,,
,,,
,,,
,,,
,,,
,,,
,,,
,,,
,,,
,,,
,,,
,,,
,,,
,,,
,,,
,,,
,,,
,,,
,,,
,,,
,,,
,,,
,,,
,,,
,,,
,,,
,,,
,,,
,,,
,,,
,,,
,,,
,,,
,,,
,,,
,,,
,,,
,,,
,,,
,,,
,,,
,,,
,,,
,,,
,,,
,,,
,,,
,,,
,,,
,,,
,,,
,,,
,,,
,,,
,,,
,,,
,,,
,,,
,,,
,,,
,,,
,,,
,,,
,,,
,,,
,,,
,,,
,,,
,,,
,,,
,,,
,,,
,,,
,,,
,,,
,,,
,,,
,,,
,,,
,,,
,,,
,,,
,,,
,,,
,,,
,,,
,,,
,,,
,,,
,,,
,,,
,,,
,,,
,,,
,,,
,,,
,,,
,,,
,,,
,,,
,,,
,,,
,,,
,,,
,,,
,,,
,,,
,,,
,,,
,,,
,,,
,,,
,,,
,,,
,,,
,,,
,,,
,,,
,,,
,,,
,,,
,,,
,,,
,,,
,,,
,,,
,,,
,,,
,,,
,,,
,,,
,,,
,,,
,,,
,,,
,,,
,,,
,,,
,,,
,,,
,,,
,,,
,,,
,,,
,,,
,,,
,,,
,,,
,,,
,,,
,,,
,,,
,,,
,,,
,,,
,,,
,,,
,,,
,,,
,,,
,,,
,,,
,,,
,,,
,,,
,,,
,,,
,,,
,,,
,,,
,,,
,,,
,,,
,,,
,,,
,,,
,,,
,,,
,,,
,,,
,,,
,,,
,,,
,,,
,,,
,,,
,,,
,,,
,,,
,,,
,,,
,,,
,,,
,,,
,,,
,,,
,,,
,,,
,,,
,,,
,,,
,,,
,,,
,,,
,,,
,,,
,,,
,,,
,,,
,,,
,,,
,,,
,,,
,,,
,,,
,,,
,,,
,,,
,,,
,,,
,,,
,,,
,,,
,,,
,,,
,,,
,,,
,,,
,,,
,,,
,,,
,,,
,,,
,,,
,,,
,,,
,,,
,,,
,,,
,,,
,,,
,,,
,,,
,,,
,,,
,,,
,,,
,,,
,,,
,,,
,,,
,,,
,,,
,,,
,,,
,,,
,,,
,,,
,,,
,,,
,,,
,,,
,,,
,,,
,,,
,,,
,,,
,,,
,,,
,,,
,,,
,,,
,,,
,,,
,,,
,,,
,,,
,,,
,,,
,,,
,,,
,,,
,,,
,,,
,,,
,,,
,,,
,,,
,,,
,,,
,,,
,,,
,,,
,,,
,,,
,,,
,,,
,,,
,,,
,,,
,,,
,,,
,,,
,,,
,,,
,,,
,,,
,,,
,,,
,,,
,,,
,,,
,,,
,,,
,,,
,,,
,,,
,,,
,,,
,,,
,,,
,,,
,,,
,,,
,,,
,,,
,,,
,,,
,,,
,,,
,,,
,,,
,,,
,,,
,,,
,,,
,,,
,,,
,,,
,,,
,,,
,,,
,,,
,,,
,,,
,,,
,,,
,,,
,,,
,,,
,,,
,,,
,,,
,,,
,,,
,,,
,,,
,,,
,,,
,,,
,,,
,,,
,,,
,,,
,,,
,,,
,,,
,,,
,,,
,,,
,,,
,,,
,,,
,,,
,,,
,,,
,,,
,,,
,,,
,,,
,,,
,,,
,,,
,,,
,,,
,,,
,,,
,,,
,,,
,,,
,,,
,,,
,,,
,,,
,,,
,,,
,,,
,,,
,,,
,,,
,,,
,,,
,,,
,,,
,,,
,,,
,,,
,,,
,,,
,,,
,,,
,,,
,,,
,,,
,,,
,,,
,,,
,,,
,,,
,,,
,,,
,,,
,,,
,,,
,,,
,,,
,,,
,,,
,,,
,,,
,,,
,,,
,,,
,,,
,,,
,,,
,,,
,,,
,,,
,,,
,,,
,,,
,,,
,,,
,,,
,,,
,,,
,,,
,,,
,,,
,,,
,,,
,,,
,,,
,,,
,,,
,,,
,,,
,,,
,,,
,,,
,,,
,,,
,,,
,,,
,,,
,,,
